Day fraction since midnight on 	influent turbidity (NTU)	effluent turbidity (NTU)	water pump control (rpm)	coag pump control (rpm)	acid pump control (rpm)	carbon pump control (rpm)
0.7244681173	1.8877283335	2.3785755634	342.9942857143	0.1406011561	1.4060115607	0.7030057803
0.7245259908	1.8877283335	2.3785755634	342.9942857143	0.1406011561	1.4060115607	0.7030057803
0.7245838875	1.7188888788	2.3785755634	342.9942857143	0.1406011561	1.4060115607	0.7030057803
0.7246417494	1.7188888788	2.3785755634	342.9942857143	0.1406011561	1.4060115607	0.7030057803
0.7246996345	1.6418191195	2.3785755634	342.9942857143	0.1406011561	1.4060115607	0.7030057803
0.7247575312	1.6418191195	2.3785755634	342.9942857143	0.1406011561	1.4060115607	0.7030057803
0.7248154047	1.5757510662	2.3785755634	342.9942857143	0.1406011561	1.4060115607	0.7030057803
0.7248732898	1.5757510662	2.3785755634	342.9942857143	0.1406011561	1.4060115607	0.7030057803
0.7249311749	1.5363048315	2.3785755634	342.9942857143	0.1406011561	1.4060115607	0.7030057803
0.7249890716	1.5363048315	2.3785755634	342.9942857143	0.1406011561	1.4060115607	0.7030057803
0.7250469451	1.7048045397	2.3785755634	342.9942857143	0.1406011561	1.4060115607	0.7030057803
0.7251048417	1.7048045397	2.3785755634	342.9942857143	0.1406011561	1.4060115607	0.7030057803
0.7251627037	1.6283391714	2.3785755634	342.9942857143	0.1406011561	1.4060115607	0.7030057803
0.7252206004	1.6283391714	2.3785755634	342.9942857143	0.1406011561	1.4060115607	0.7030057803
0.7252784739	1.5926867723	2.3004002571	342.9942857143	0.1406011561	1.4060115607	0.7030057803
0.7253363590	1.5926867723	2.3004002571	342.9942857143	0.1406011561	1.4060115607	0.7030057803
0.7253942441	1.6450521946	2.3004002571	342.9942857143	0.1406011561	1.4060115607	0.7030057803
0.7254521407	2.3921577930	2.3004002571	342.9942857143	0.1406011561	1.4060115607	0.7030057803
0.7255100258	2.9377243519	2.3004002571	342.9942857143	0.1406011561	1.4060115607	0.7030057803
0.7255678994	3.9922258854	2.3004002571	342.9942857143	0.1406011561	1.4060115607	0.7030057803
0.7256257729	3.9922258854	2.3184010983	342.9942857143	0.1406011561	1.4060115607	0.7030057803
0.7256836580	4.7440819740	2.3184010983	342.9942857143	0.1406011561	1.4060115607	0.7030057803
0.7257415495	4.8491768837	2.3184010983	342.9942857143	0.1406011561	1.4060115607	0.7030057803
0.7257994461	5.0819158554	2.3184010983	342.9942857143	0.1406011561	1.4060115607	0.7030057803
0.7258573081	4.9112634659	2.3184010983	342.9942857143	0.1406011561	1.4060115607	0.7030057803
0.7259152047	4.5414857864	2.3184010983	342.9942857143	0.1406011561	1.4060115607	0.7030057803
0.7259730783	4.3929090500	2.3184010983	342.9942857143	0.1406011561	1.4060115607	0.7030057803
0.7260309634	4.0147123337	2.3184010983	342.9942857143	0.1406011561	1.4060115607	0.7030057803
0.7260888600	3.7770345211	2.3184010983	342.9942857143	0.1406011561	1.4060115607	0.7030057803
0.7261467300	3.4035062790	2.3184010983	342.9942857143	0.1406011561	1.4060115607	0.7030057803
0.7262046189	3.2098395824	2.3184010983	342.9942857143	0.1406011561	1.4060115607	0.7030057803
0.7262624847	2.8000721931	2.3184010983	342.9942857143	0.1406011561	1.4060115607	0.7030057803
0.7263203736	2.6797692776	2.3184010983	342.9942857143	0.1406011561	1.4060115607	0.7030057803
0.7263782394	2.3839976788	2.3184010983	342.9942857143	0.1406011561	1.4060115607	0.7030057803
0.7264361051	2.2928259373	2.3184010983	342.9942857143	0.1406011561	1.4060115607	0.7030057803
0.7264939940	2.1537475586	2.3184010983	342.9942857143	0.1406011561	1.4060115607	0.7030057803
0.7265518713	2.0701625347	2.3184010983	342.9942857143	0.1406011561	1.4060115607	0.7030057803
0.7266097371	1.9822107553	2.3184010983	342.9942857143	0.1406011561	1.4060115607	0.7030057803
0.7266676144	1.9452625513	2.3184010983	342.9942857143	0.1406011561	1.4060115607	0.7030057803
0.7267254918	1.8878525496	2.3184010983	342.9942857143	0.1406011561	1.4060115607	0.7030057803
0.7267833807	1.7862900496	2.3184010983	342.9942857143	0.1406011561	1.4060115607	0.7030057803
0.7268412349	1.6686433554	2.3184010983	342.9942857143	0.1406011561	1.4060115607	0.7030057803
0.7268991238	1.6148984432	2.3184010983	342.9942857143	0.1406011561	1.4060115607	0.7030057803
0.7269569895	1.5886412859	2.3184010983	342.9942857143	0.1406011561	1.4060115607	0.7030057803
0.7270148669	1.6085901260	2.3184010983	342.9942857143	0.1406011561	1.4060115607	0.7030057803
0.7270727442	1.8388847113	2.3184010983	342.9942857143	0.1406011561	1.4060115607	0.7030057803
0.7271306215	1.7015444040	2.3184010983	342.9942857143	0.1406011561	1.4060115607	0.7030057803
0.7271884988	1.6465872526	2.3184010983	342.9942857143	0.1406011561	1.4060115607	0.7030057803
0.7272463877	1.5818742514	2.3184010983	342.9942857143	0.1406011561	1.4060115607	0.7030057803
0.7273042651	1.5094414949	2.3184010983	342.9942857143	0.1406011561	1.4060115607	0.7030057803
0.7273621308	1.4366505146	2.3184010983	342.9942857143	0.1406011561	1.4060115607	0.7030057803
0.7274199966	1.4224388599	2.3184010983	342.9942857143	0.1406011561	1.4060115607	0.7030057803
0.7274778739	1.5112117529	2.3184010983	342.9942857143	0.1406011561	1.4060115607	0.7030057803
0.7275357513	1.3354915380	2.3184010983	342.9942857143	0.1406011561	1.4060115607	0.7030057803
0.7275936286	1.3126142025	2.3184010983	342.9942857143	0.1406011561	1.4060115607	0.7030057803
0.7276515059	1.3126142025	2.5100269318	342.9942857143	0.1406011561	1.4060115607	0.7030057803
0.7277093948	1.3126142025	2.5039503574	342.9942857143	0.1406011561	1.4060115607	0.7030057803
0.7277672606	1.1741932631	2.5039503574	342.9942857143	0.1406011561	1.4060115607	0.7030057803
0.7278251379	1.2328295708	2.5039503574	342.9942857143	0.1406011561	1.4060115607	0.7030057803
0.7278830037	1.2328295708	2.4449374676	342.9942857143	0.1406011561	1.4060115607	0.7030057803
0.7279408810	1.1300185919	2.4449374676	342.9942857143	0.1406011561	1.4060115607	0.7030057803
0.7279987699	1.0997321606	2.4449374676	342.9942857143	0.1406011561	1.4060115607	0.7030057803
0.7280566356	1.0833232403	2.4449374676	342.9942857143	0.1406011561	1.4060115607	0.7030057803
0.7281145130	1.0698393583	2.4449374676	342.9942857143	0.1406011561	1.4060115607	0.7030057803
0.7281724019	1.0575650930	2.4449374676	342.9942857143	0.1406011561	1.4060115607	0.7030057803
0.7282302676	1.0332435369	2.4449374676	342.9942857143	0.1406011561	1.4060115607	0.7030057803
0.7282881450	1.0270138979	2.4449374676	342.9942857143	0.1406011561	1.4060115607	0.7030057803
0.7283460107	1.0223664045	2.4449374676	342.9942857143	0.1406011561	1.4060115607	0.7030057803
0.7284038996	1.0234622955	2.4449374676	342.9942857143	0.1406011561	1.4060115607	0.7030057803
0.7284617654	1.0312603712	2.4449374676	342.9942857143	0.1406011561	1.4060115607	0.7030057803
0.7285196658	1.0388458967	2.4449374676	342.9942857143	0.1406011561	1.4060115607	0.7030057803
0.7285775200	1.0433464050	2.4449374676	342.9942857143	0.1406011561	1.4060115607	0.7030057803
0.7286354089	1.0569947958	2.4449374676	342.9942857143	0.1406011561	1.4060115607	0.7030057803
0.7286932863	1.0652221441	2.4449374676	342.9942857143	0.1406011561	1.4060115607	0.7030057803
0.7287511636	1.0845292807	2.4449374676	342.9942857143	0.1406011561	1.4060115607	0.7030057803
0.7288090178	1.0864138603	2.4449374676	342.9942857143	0.1406011561	1.4060115607	0.7030057803
0.7288668951	1.0845408440	2.4449374676	342.9942857143	0.1406011561	1.4060115607	0.7030057803
0.7289247724	1.0345287323	2.4449374676	342.9942857143	0.1406011561	1.4060115607	0.7030057803
0.7289826498	1.0154678822	2.4449374676	342.9942857143	0.1406011561	1.4060115607	0.7030057803
0.7290405271	0.9442299604	2.4449374676	342.9942857143	0.1406011561	1.4060115607	0.7030057803
0.7290984160	0.9255381823	2.4449374676	342.9942857143	0.1406011561	1.4060115607	0.7030057803
0.7291562818	0.9052114487	2.4449374676	342.9942857143	0.1406011561	1.4060115607	0.7030057803
0.7292141591	0.8761565685	2.4449374676	342.9942857143	0.1406011561	1.4060115607	0.7030057803
0.7292720249	0.8382130861	2.4449374676	342.9942857143	0.1406011561	1.4060115607	0.7030057803
0.7293299022	0.8452994823	2.4449374676	342.9942857143	0.1406011561	1.4060115607	0.7030057803
0.7293877795	0.8605971336	2.4449374676	342.9942857143	0.1406011561	1.4060115607	0.7030057803
0.7294456568	0.9892324209	2.4449374676	342.9942857143	0.1406011561	1.4060115607	0.7030057803
0.7295035342	0.9902232885	2.4449374676	342.9942857143	0.1406011561	1.4060115607	0.7030057803
0.7295614115	0.9561637640	2.4449374676	342.9942857143	0.1406011561	1.4060115607	0.7030057803
0.7296192874	0.9377497435	2.4449374676	342.9942857143	0.1406011561	1.4060115607	0.7030057803
0.7296771628	0.9139808416	2.4449374676	342.9942857143	0.1406011561	1.4060115607	0.7030057803
0.7297350519	0.8379079103	2.4449374676	342.9942857143	0.1406011561	1.4060115607	0.7030057803
0.7297929062	0.8379079103	2.4449374676	342.9942857143	0.1406011561	1.4060115607	0.7030057803
0.7298507837	0.8086556196	2.6317493916	342.9942857143	0.1406011561	1.4060115607	0.7030057803
0.7299086728	0.8086556196	2.6317493916	342.9942857143	0.1406011561	1.4060115607	0.7030057803
0.7299665387	0.8408671618	2.6317493916	342.9942857143	0.1406011561	1.4060115607	0.7030057803
0.7300244161	0.8408671618	2.6317493916	342.9942857143	0.1406011561	1.4060115607	0.7030057803
0.7300822936	0.7995909452	2.6317493916	342.9942857143	0.1406011561	1.4060115607	0.7030057803
0.7301401711	0.7995909452	2.6317493916	342.9942857143	0.1406011561	1.4060115607	0.7030057803
0.7301980486	0.8069527149	2.6317493916	342.9942857143	0.1406011561	1.4060115607	0.7030057803
0.7302559261	0.8069527149	2.6317493916	342.9942857143	0.1406011561	1.4060115607	0.7030057803
0.7303137920	0.7648510933	2.6317493916	342.9942857143	0.1406011561	1.4060115607	0.7030057803
0.7303716695	0.7648510933	2.6317493916	342.9942857143	0.1406011561	1.4060115607	0.7030057803
0.7304295585	0.7723610401	2.6317493916	342.9942857143	0.1406011561	1.4060115607	0.7030057803
0.7304874360	0.7723610401	2.6317493916	342.9942857143	0.1406011561	1.4060115607	0.7030057803
0.7305453019	0.7582243681	2.6317493916	342.9942857143	0.1406011561	1.4060115607	0.7030057803
0.7306031910	0.7582243681	2.6317493916	342.9942857143	0.1406011561	1.4060115607	0.7030057803
0.7306610569	0.7487807274	2.6317493916	342.9942857143	0.1406011561	1.4060115607	0.7030057803
0.7307189344	0.7487807274	2.6317493916	342.9942857143	0.1406011561	1.4060115607	0.7030057803
0.7307768003	0.7476944923	2.6317493916	342.9942857143	0.1406011561	1.4060115607	0.7030057803
0.7308346778	0.7476944923	2.6317493916	342.9942857143	0.1406011561	1.4060115607	0.7030057803
0.7308925553	0.7367514372	2.6317493916	342.9942857143	0.1406011561	1.4060115607	0.7030057803
0.7309504327	0.7367514372	2.6317493916	342.9942857143	0.1406011561	1.4060115607	0.7030057803
0.7310083102	0.7594695091	2.6317493916	342.9942857143	0.1406011561	1.4060115607	0.7030057803
0.7310661877	0.7594695091	2.6317493916	342.9942857143	0.1406011561	1.4060115607	0.7030057803
0.7311240652	0.7620406151	2.9523944855	342.9942857143	0.1406011561	1.4060115607	0.7030057803
0.7311819542	0.7620406151	2.9523944855	342.9942857143	0.1406011561	1.4060115607	0.7030057803
0.7312398086	0.8286595345	2.9523944855	342.9942857143	0.1406011561	1.4060115607	0.7030057803
0.7312976861	0.8286595345	2.9523944855	342.9942857143	0.1406011561	1.4060115607	0.7030057803
0.7313555636	0.8807947636	2.9523944855	342.9942857143	0.1406011561	1.4060115607	0.7030057803
0.7314134526	0.8807947636	2.9523944855	342.9942857143	0.1406011561	1.4060115607	0.7030057803
0.7314713301	0.9371439219	2.9523944855	342.9942857143	0.1406011561	1.4060115607	0.7030057803
0.7315291960	0.9371439219	2.9523944855	342.9942857143	0.1406011561	1.4060115607	0.7030057803
0.7315870735	0.9953457117	2.9523944855	342.9942857143	0.1406011561	1.4060115607	0.7030057803
0.7316449510	0.9953457117	2.9523944855	342.9942857143	0.1406011561	1.4060115607	0.7030057803
0.7317028516	0.9993027449	2.9523944855	342.9942857143	0.1406011561	1.4060115607	0.7030057803
0.7317606944	0.9993027449	2.9523944855	342.9942857143	0.1406011561	1.4060115607	0.7030057803
0.7318185719	1.0085433722	2.9523944855	342.9942857143	0.1406011561	1.4060115607	0.7030057803
0.7318764609	1.0085433722	2.9523944855	342.9942857143	0.1406011561	1.4060115607	0.7030057803
0.7319343268	1.0279356241	2.9523944855	342.9942857143	0.1406011561	1.4060115607	0.7030057803
0.7319922159	1.0279356241	2.9523944855	342.9942857143	0.1406011561	1.4060115607	0.7030057803
0.7320500818	1.0260286331	3.0185518265	342.9942857143	0.1406011561	1.4060115607	0.7030057803
0.7321079593	1.0260286331	3.0185518265	342.9942857143	0.1406011561	1.4060115607	0.7030057803
0.7321658367	1.0248037577	3.0185518265	342.9942857143	0.1406011561	1.4060115607	0.7030057803
0.7322237142	1.0248037577	3.0185518265	342.9942857143	0.1406011561	1.4060115607	0.7030057803
0.7322815801	1.0238902569	3.0185518265	342.9942857143	0.1406011561	1.4060115607	0.7030057803
0.7323394576	1.0238902569	3.0185518265	342.9942857143	0.1406011561	1.4060115607	0.7030057803
0.7323973351	1.0054916143	3.0917313099	342.9942857143	0.1406011561	1.4060115607	0.7030057803
0.7324552126	1.0054916143	3.0917313099	342.9942857143	0.1406011561	1.4060115607	0.7030057803
0.7325130901	0.9884840250	3.0917313099	342.9942857143	0.1406011561	1.4060115607	0.7030057803
0.7325709675	0.9884840250	3.0917313099	342.9942857143	0.1406011561	1.4060115607	0.7030057803
0.7326288450	1.0028003454	3.0917313099	342.9942857143	0.1406011561	1.4060115607	0.7030057803
0.7326867341	1.0028003454	3.0917313099	342.9942857143	0.1406011561	1.4060115607	0.7030057803
0.7327445884	1.0222716331	3.0917313099	342.9942857143	0.1406011561	1.4060115607	0.7030057803
0.7328024659	1.0222716331	3.0917313099	342.9942857143	0.1406011561	1.4060115607	0.7030057803
0.7328603434	1.0172867775	3.0917313099	342.9942857143	0.1406011561	1.4060115607	0.7030057803
0.7329182324	1.0172867775	3.0917313099	342.9942857143	0.1406011561	1.4060115607	0.7030057803
0.7329760984	3.5102708340	3.0917313099	342.9942857143	0.1406011561	1.4060115607	0.7030057803
0.7330339758	4.1272497177	3.0917313099	0.0000000000	0.0000000000	0.0000000000	0.0000000000
0.7330918533	4.1272497177	3.0917313099	0.0000000000	0.0000000000	0.0000000000	0.0000000000
0.7331497526	4.1272497177	3.0917313099	0.0000000000	0.0000000000	0.0000000000	0.0000000000
0.7332075921	3.7244822979	3.1341419220	0.0000000000	0.0000000000	0.0000000000	0.0000000000
0.7332654663	3.7244822979	3.1341419220	0.0000000000	0.0000000000	0.0000000000	0.0000000000
0.7333233520	3.7244822979	3.1341419220	0.0000000000	0.0000000000	0.0000000000	0.0000000000
0.7333812146	3.1707231998	3.2859470844	0.0000000000	0.0000000000	0.0000000000	0.0000000000
0.7334390888	3.1707231998	3.2859470844	0.0000000000	0.0000000000	0.0000000000	0.0000000000
0.7334969745	3.1707231998	3.2859470844	0.0000000000	0.0000000000	0.0000000000	0.0000000000
0.7335548371	2.5089647770	3.2859470844	0.0000000000	0.0000000000	0.0000000000	0.0000000000
0.7336127113	2.4493236542	3.1589159966	0.0000000000	0.0000000000	0.0000000000	0.0000000000
0.7336705970	2.4493236542	3.1589159966	0.0000000000	0.0000000000	0.0000000000	0.0000000000
0.7337284480	2.4493236542	3.1589159966	0.0000000000	0.0000000000	0.0000000000	0.0000000000
0.7337863222	2.4058697224	3.2479293346	0.0000000000	0.0000000000	0.0000000000	0.0000000000
0.7338441964	2.4058697224	3.2479293346	0.0000000000	0.0000000000	0.0000000000	0.0000000000
0.7339020821	2.4058697224	3.2479293346	0.0000000000	0.0000000000	0.0000000000	0.0000000000
0.7339599563	2.2527973652	3.1746015549	0.0000000000	0.0000000000	0.0000000000	0.0000000000
0.7340178189	2.2527973652	3.1746015549	0.0000000000	0.0000000000	0.0000000000	0.0000000000
0.7340756930	2.2527973652	3.1746015549	0.0000000000	0.0000000000	0.0000000000	0.0000000000
0.7341335788	6.3623352051	3.2883174419	0.0000000000	0.0000000000	0.0000000000	0.0000000000
0.7341914414	6.3623352051	3.2883174419	0.0000000000	0.0000000000	0.0000000000	0.0000000000
0.7342493156	6.3623352051	3.2883174419	0.0000000000	0.0000000000	0.0000000000	0.0000000000
0.7343071781	1100.0000000000	3.8440725803	0.0000000000	0.0000000000	0.0000000000	0.0000000000
0.7343650639	1100.0000000000	3.8440725803	0.0000000000	0.0000000000	0.0000000000	0.0000000000
0.7344229265	1100.0000000000	3.8440725803	0.0000000000	0.0000000000	0.0000000000	0.0000000000
0.7344808007	25.4332923889	3.7880353928	0.0000000000	0.0000000000	0.0000000000	0.0000000000
0.7345386864	25.4332923889	3.7880353928	0.0000000000	0.0000000000	0.0000000000	0.0000000000
0.7345965606	25.4332923889	3.7880353928	0.0000000000	0.0000000000	0.0000000000	0.0000000000
0.7346544347	14.6898632050	3.7236557007	0.0000000000	0.0000000000	0.0000000000	0.0000000000
0.7347122858	14.6898632050	3.7236557007	0.0000000000	0.0000000000	0.0000000000	0.0000000000
0.7347701715	14.6898632050	3.7236557007	0.0000000000	0.0000000000	0.0000000000	0.0000000000
0.7348280341	0.4317506850	3.6647334099	0.0000000000	0.0000000000	0.0000000000	0.0000000000
0.7348859083	0.4317506850	3.6647334099	0.0000000000	0.0000000000	0.0000000000	0.0000000000
0.7349437824	0.4317506850	3.6647334099	0.0000000000	0.0000000000	0.0000000000	0.0000000000
0.7350016682	8.0732660294	3.5045630932	0.0000000000	0.0000000000	0.0000000000	0.0000000000
0.7350595423	8.0732660294	3.5045630932	0.0000000000	0.0000000000	0.0000000000	0.0000000000
0.7351174049	8.0732660294	3.5045630932	0.0000000000	0.0000000000	0.0000000000	0.0000000000
0.7351752675	7.2771806717	3.5134427547	0.0000000000	0.0000000000	0.0000000000	0.0000000000
0.7352331533	7.2771806717	3.5134427547	0.0000000000	0.0000000000	0.0000000000	0.0000000000
0.7352910159	7.2771806717	3.5134427547	0.0000000000	0.0000000000	0.0000000000	0.0000000000
0.7353489132	6.9008221626	3.3922579288	0.0000000000	0.0000000000	0.0000000000	0.0000000000
0.7354067758	6.9008221626	3.3922579288	0.0000000000	0.0000000000	0.0000000000	0.0000000000
0.7354646384	6.9008221626	3.3922579288	0.0000000000	0.0000000000	0.0000000000	0.0000000000
0.7355225125	6.7138886452	3.3397893906	0.0000000000	0.0000000000	0.0000000000	0.0000000000
0.7355803867	6.7138886452	3.3397893906	0.0000000000	0.0000000000	0.0000000000	0.0000000000
0.7356382724	6.7138886452	3.3397893906	0.0000000000	0.0000000000	0.0000000000	0.0000000000
0.7356961235	6.5827984810	3.3449950218	0.0000000000	0.0000000000	0.0000000000	0.0000000000
0.7357539976	6.5827984810	3.3449950218	0.0000000000	0.0000000000	0.0000000000	0.0000000000
0.7358118718	6.5827984810	3.3449950218	0.0000000000	0.0000000000	0.0000000000	0.0000000000
0.7358697575	6.3929963112	3.2084279060	0.0000000000	0.0000000000	0.0000000000	0.0000000000
0.7359276201	6.3929963112	3.2084279060	0.0000000000	0.0000000000	0.0000000000	0.0000000000
0.7359855059	6.3929963112	3.2084279060	0.0000000000	0.0000000000	0.0000000000	0.0000000000
0.7360433685	6.2613482475	3.2392399311	0.0000000000	0.0000000000	0.0000000000	0.0000000000
0.7361012427	6.2613482475	3.2392399311	0.0000000000	0.0000000000	0.0000000000	0.0000000000
0.7361591053	6.2613482475	3.2392399311	0.0000000000	0.0000000000	0.0000000000	0.0000000000
0.7362169794	5.9905428886	3.2899830341	0.0000000000	0.0000000000	0.0000000000	0.0000000000
0.7362748536	5.9905428886	3.2899830341	0.0000000000	0.0000000000	0.0000000000	0.0000000000
0.7363327393	5.9905428886	3.2899830341	0.0000000000	0.0000000000	0.0000000000	0.0000000000
0.7363906019	5.8628692627	3.1358659267	0.0000000000	0.0000000000	0.0000000000	0.0000000000
0.7364484877	5.8628692627	3.1358659267	0.0000000000	0.0000000000	0.0000000000	0.0000000000
0.7365063503	5.8628692627	3.1358659267	0.0000000000	0.0000000000	0.0000000000	0.0000000000
0.7365642360	5.5827479362	3.1338715553	0.0000000000	0.0000000000	0.0000000000	0.0000000000
0.7366221096	5.5827479362	3.1338715553	0.0000000000	0.0000000000	0.0000000000	0.0000000000
0.7366799593	5.5827479362	3.1338715553	0.0000000000	0.0000000000	0.0000000000	0.0000000000
0.7367378321	5.4639763832	3.1548817158	0.0000000000	0.0000000000	0.0000000000	0.0000000000
0.7367957049	5.4639763832	3.1548817158	0.0000000000	0.0000000000	0.0000000000	0.0000000000
0.7368535777	5.4639763832	3.1548817158	0.0000000000	0.0000000000	0.0000000000	0.0000000000
0.7369114505	5.2732124329	3.1004176140	0.0000000000	0.0000000000	0.0000000000	0.0000000000
0.7369693349	5.2732124329	3.1004176140	0.0000000000	0.0000000000	0.0000000000	0.0000000000
0.7370272077	5.2732124329	3.1004176140	0.0000000000	0.0000000000	0.0000000000	0.0000000000
0.7370850689	5.1534075737	3.3790290356	0.0000000000	0.0000000000	0.0000000000	0.0000000000
0.7371429302	5.1534075737	3.3790290356	0.0000000000	0.0000000000	0.0000000000	0.0000000000
0.7372008030	5.1534075737	3.3790290356	0.0000000000	0.0000000000	0.0000000000	0.0000000000
0.7372586874	5.0371389389	3.2597942352	0.0000000000	0.0000000000	0.0000000000	0.0000000000
0.7373165602	5.0371389389	3.2597942352	0.0000000000	0.0000000000	0.0000000000	0.0000000000
0.7373744214	5.0371389389	3.2597942352	0.0000000000	0.0000000000	0.0000000000	0.0000000000
0.7374323058	4.9675049782	3.3135647774	0.0000000000	0.0000000000	0.0000000000	0.0000000000
0.7374901670	4.9675049782	3.3135647774	0.0000000000	0.0000000000	0.0000000000	0.0000000000
0.7375480398	4.9675049782	3.3135647774	0.0000000000	0.0000000000	0.0000000000	0.0000000000
0.7376059126	4.9499754906	3.1172926426	0.0000000000	0.0000000000	0.0000000000	0.0000000000
0.7376637739	4.9499754906	3.1172926426	0.0000000000	0.0000000000	0.0000000000	0.0000000000
0.7377216467	4.9499754906	3.1172926426	0.0000000000	0.0000000000	0.0000000000	0.0000000000
0.7377795311	4.8016896248	3.2138149738	0.0000000000	0.0000000000	0.0000000000	0.0000000000
0.7378373923	4.8016896248	3.2138149738	0.0000000000	0.0000000000	0.0000000000	0.0000000000
0.7378952651	4.8016896248	3.2138149738	0.0000000000	0.0000000000	0.0000000000	0.0000000000
0.7379531379	4.6071772575	3.3689413071	0.0000000000	0.0000000000	0.0000000000	0.0000000000
0.7380110107	4.6071772575	3.3689413071	0.0000000000	0.0000000000	0.0000000000	0.0000000000
0.7380688951	4.6071772575	3.3689413071	0.0000000000	0.0000000000	0.0000000000	0.0000000000
0.7381267448	4.5756282806	3.2760479450	0.0000000000	0.0000000000	0.0000000000	0.0000000000
0.7381846176	4.5756282806	3.2760479450	0.0000000000	0.0000000000	0.0000000000	0.0000000000
0.7382424904	4.5756282806	3.2760479450	0.0000000000	0.0000000000	0.0000000000	0.0000000000
0.7383003748	4.5100989342	3.2273509502	0.0000000000	0.0000000000	0.0000000000	0.0000000000
0.7383582360	4.5100989342	3.2273509502	0.0000000000	0.0000000000	0.0000000000	0.0000000000
0.7384161204	4.5100989342	3.2273509502	0.0000000000	0.0000000000	0.0000000000	0.0000000000
0.7384739816	4.3485937119	3.1771242619	0.0000000000	0.0000000000	0.0000000000	0.0000000000
0.7385318544	4.3485937119	3.1771242619	0.0000000000	0.0000000000	0.0000000000	0.0000000000
0.7385897388	4.3485937119	3.1771242619	0.0000000000	0.0000000000	0.0000000000	0.0000000000
0.7386476000	4.2988553047	3.1261138916	0.0000000000	0.0000000000	0.0000000000	0.0000000000
0.7387054613	4.2988553047	3.1261138916	0.0000000000	0.0000000000	0.0000000000	0.0000000000
0.7387633341	4.2988553047	3.1261138916	0.0000000000	0.0000000000	0.0000000000	0.0000000000
0.7388212185	4.1486434937	3.2358539104	0.0000000000	0.0000000000	0.0000000000	0.0000000000
0.7388790797	4.1486434937	3.2358539104	0.0000000000	0.0000000000	0.0000000000	0.0000000000
0.7389369525	4.1486434937	3.2358539104	0.0000000000	0.0000000000	0.0000000000	0.0000000000
0.7389948253	4.1373419762	3.1302843094	0.0000000000	0.0000000000	0.0000000000	0.0000000000
0.7390527097	4.1373419762	3.1302843094	0.0000000000	0.0000000000	0.0000000000	0.0000000000
0.7391105594	4.1373419762	3.1302843094	0.0000000000	0.0000000000	0.0000000000	0.0000000000
0.7391684322	4.1180744171	3.1616578102	0.0000000000	0.0000000000	0.0000000000	0.0000000000
0.7392263050	4.1180744171	3.1616578102	0.0000000000	0.0000000000	0.0000000000	0.0000000000
0.7392841778	4.1180744171	3.1616578102	0.0000000000	0.0000000000	0.0000000000	0.0000000000
0.7393420621	4.0400948524	3.0914320946	0.0000000000	0.0000000000	0.0000000000	0.0000000000
0.7393999234	4.0400948524	3.0914320946	0.0000000000	0.0000000000	0.0000000000	0.0000000000
0.7394577962	4.0400948524	3.0914320946	0.0000000000	0.0000000000	0.0000000000	0.0000000000
0.7395156690	3.9568655491	3.1533255577	0.0000000000	0.0000000000	0.0000000000	0.0000000000
0.7395735534	3.9568655491	3.1533255577	0.0000000000	0.0000000000	0.0000000000	0.0000000000
0.7396314146	3.9568655491	3.1533255577	0.0000000000	0.0000000000	0.0000000000	0.0000000000
0.7396892759	3.8935854435	3.1533255577	0.0000000000	0.0000000000	0.0000000000	0.0000000000
0.7397471487	3.8763988018	3.0532319546	0.0000000000	0.0000000000	0.0000000000	0.0000000000
0.7398050330	3.8763988018	3.0532319546	0.0000000000	0.0000000000	0.0000000000	0.0000000000
0.7398628943	3.8763988018	3.0532319546	0.0000000000	0.0000000000	0.0000000000	0.0000000000
0.7399207671	3.7804796696	2.9747068882	0.0000000000	0.0000000000	0.0000000000	0.0000000000
0.7399786399	3.7804796696	2.9747068882	0.0000000000	0.0000000000	0.0000000000	0.0000000000
0.7400365127	3.7804796696	2.9747068882	0.0000000000	0.0000000000	0.0000000000	0.0000000000
0.7400943737	3.8036639690	2.8564403057	0.0000000000	0.0000000000	0.0000000000	0.0000000000
0.7401522575	3.8036639690	2.8564403057	0.0000000000	0.0000000000	0.0000000000	0.0000000000
0.7402101182	3.8036639690	2.8564403057	0.0000000000	0.0000000000	0.0000000000	0.0000000000
0.7402679905	3.7493278980	2.9914112091	0.0000000000	0.0000000000	0.0000000000	0.0000000000
0.7403258743	3.7493278980	2.9914112091	0.0000000000	0.0000000000	0.0000000000	0.0000000000
0.7403837465	3.7493278980	2.9914112091	0.0000000000	0.0000000000	0.0000000000	0.0000000000
0.7404416188	3.7257597446	3.0457899570	0.0000000000	0.0000000000	0.0000000000	0.0000000000
0.7404995026	3.7257597446	3.0457899570	0.0000000000	0.0000000000	0.0000000000	0.0000000000
0.7405573749	3.7257597446	3.0457899570	0.0000000000	0.0000000000	0.0000000000	0.0000000000
0.7406152124	3.6757426262	2.9653093815	0.0000000000	0.0000000000	0.0000000000	0.0000000000
0.7406730847	3.6757426262	2.9653093815	0.0000000000	0.0000000000	0.0000000000	0.0000000000
0.7407309569	3.6757426262	2.9653093815	0.0000000000	0.0000000000	0.0000000000	0.0000000000
0.7407888292	3.5825228691	3.1140434742	0.0000000000	0.0000000000	0.0000000000	0.0000000000
0.7408467130	3.5825228691	3.1140434742	0.0000000000	0.0000000000	0.0000000000	0.0000000000
0.7409045737	3.5825228691	3.1140434742	0.0000000000	0.0000000000	0.0000000000	0.0000000000
0.7409624459	3.5592629910	3.0712540150	0.0000000000	0.0000000000	0.0000000000	0.0000000000
0.7410203297	3.5592629910	3.0712540150	0.0000000000	0.0000000000	0.0000000000	0.0000000000
0.7410781904	3.5592629910	3.0712540150	0.0000000000	0.0000000000	0.0000000000	0.0000000000
0.7411360627	3.5797629356	2.9812104702	0.0000000000	0.0000000000	0.0000000000	0.0000000000
0.7411939234	3.5797629356	2.9812104702	0.0000000000	0.0000000000	0.0000000000	0.0000000000
0.7412517956	3.5797629356	2.9812104702	0.0000000000	0.0000000000	0.0000000000	0.0000000000
0.7413096794	3.5926413536	2.8880519867	0.0000000000	0.0000000000	0.0000000000	0.0000000000
0.7413675401	3.5926413536	2.8880519867	0.0000000000	0.0000000000	0.0000000000	0.0000000000
0.7414254239	3.5926413536	2.8880519867	0.0000000000	0.0000000000	0.0000000000	0.0000000000
0.7414832846	3.5739746094	2.7334086895	0.0000000000	0.0000000000	0.0000000000	0.0000000000
0.7415411684	3.5739746094	2.7334086895	0.0000000000	0.0000000000	0.0000000000	0.0000000000
0.7415990175	3.5739746094	2.7334086895	0.0000000000	0.0000000000	0.0000000000	0.0000000000
0.7416568898	3.5635042191	2.8757944107	0.0000000000	0.0000000000	0.0000000000	0.0000000000
0.7417147620	3.5635042191	2.8757944107	0.0000000000	0.0000000000	0.0000000000	0.0000000000
0.7417726341	3.5635042191	2.8757944107	0.0000000000	0.0000000000	0.0000000000	0.0000000000
0.7418305062	3.5820734501	2.8263497353	0.0000000000	0.0000000000	0.0000000000	0.0000000000
0.7418883784	3.5820734501	2.8263497353	0.0000000000	0.0000000000	0.0000000000	0.0000000000
0.7419462505	3.5820734501	2.8263497353	0.0000000000	0.0000000000	0.0000000000	0.0000000000
0.7420041227	3.6005363464	2.9020712376	0.0000000000	0.0000000000	0.0000000000	0.0000000000
0.7420619832	3.6005363464	2.9020712376	0.0000000000	0.0000000000	0.0000000000	0.0000000000
0.7421198554	3.6005363464	2.9020712376	0.0000000000	0.0000000000	0.0000000000	0.0000000000
0.7421777391	3.5571122169	2.8574593067	0.0000000000	0.0000000000	0.0000000000	0.0000000000
0.7422355996	3.5571122169	2.8574593067	0.0000000000	0.0000000000	0.0000000000	0.0000000000
0.7422934833	3.5571122169	2.8574593067	0.0000000000	0.0000000000	0.0000000000	0.0000000000
0.7423513439	3.4919807911	2.8783326149	0.0000000000	0.0000000000	0.0000000000	0.0000000000
0.7424092160	3.4919807911	2.8783326149	0.0000000000	0.0000000000	0.0000000000	0.0000000000
0.7424670882	3.4919807911	2.8783326149	0.0000000000	0.0000000000	0.0000000000	0.0000000000
0.7425249488	3.4417219162	2.9692931175	0.0000000000	0.0000000000	0.0000000000	0.0000000000
0.7425828324	3.4417219162	2.9692931175	0.0000000000	0.0000000000	0.0000000000	0.0000000000
0.7426406930	3.4417219162	2.9692931175	0.0000000000	0.0000000000	0.0000000000	0.0000000000
0.7426985767	3.4144606590	3.0284404755	0.0000000000	0.0000000000	0.0000000000	0.0000000000
0.7427564489	3.4144606590	3.0284404755	0.0000000000	0.0000000000	0.0000000000	0.0000000000
0.7428143094	3.4144606590	3.0284404755	0.0000000000	0.0000000000	0.0000000000	0.0000000000
0.7428721816	3.3674633503	2.9664702415	0.0000000000	0.0000000000	0.0000000000	0.0000000000
0.7429300537	3.3674633503	2.9664702415	0.0000000000	0.0000000000	0.0000000000	0.0000000000
0.7429879258	3.3674633503	2.9664702415	0.0000000000	0.0000000000	0.0000000000	0.0000000000
0.7430457980	3.3498427868	2.8814976215	0.0000000000	0.0000000000	0.0000000000	0.0000000000
0.7431036701	3.3498427868	2.8814976215	0.0000000000	0.0000000000	0.0000000000	0.0000000000
0.7431615307	3.3498427868	2.8814976215	0.0000000000	0.0000000000	0.0000000000	0.0000000000
0.7432194028	3.3391900063	2.8964834213	0.0000000000	0.0000000000	0.0000000000	0.0000000000
0.7432772865	3.3391900063	2.8964834213	0.0000000000	0.0000000000	0.0000000000	0.0000000000
0.7433351471	3.3391900063	2.8964834213	0.0000000000	0.0000000000	0.0000000000	0.0000000000
0.7433930308	3.3588209152	3.0305109024	0.0000000000	0.0000000000	0.0000000000	0.0000000000
0.7434508914	3.3588209152	3.0305109024	0.0000000000	0.0000000000	0.0000000000	0.0000000000
0.7435087519	3.3588209152	3.0305109024	0.0000000000	0.0000000000	0.0000000000	0.0000000000
0.7435666356	3.3756132126	2.9689719677	0.0000000000	0.0000000000	0.0000000000	0.0000000000
0.7436244962	3.3756132126	2.9689719677	0.0000000000	0.0000000000	0.0000000000	0.0000000000
0.7436823915	3.3756132126	2.9689719677	0.0000000000	0.0000000000	0.0000000000	0.0000000000
0.7437402520	3.3293876648	2.8884022236	0.0000000000	0.0000000000	0.0000000000	0.0000000000
0.7437981242	3.3293876648	2.8884022236	0.0000000000	0.0000000000	0.0000000000	0.0000000000
0.7438559848	3.3293876648	2.8884022236	0.0000000000	0.0000000000	0.0000000000	0.0000000000
0.7439138569	3.3239448071	2.8922100067	0.0000000000	0.0000000000	0.0000000000	0.0000000000
0.7439717290	3.3239448071	2.8922100067	0.0000000000	0.0000000000	0.0000000000	0.0000000000
0.7440296127	3.3239448071	2.8922100067	0.0000000000	0.0000000000	0.0000000000	0.0000000000
0.7440874617	3.3284041882	2.9025166035	0.0000000000	0.0000000000	0.0000000000	0.0000000000
0.7441453454	3.3284041882	2.9025166035	0.0000000000	0.0000000000	0.0000000000	0.0000000000
0.7442032060	3.3284041882	2.9025166035	0.0000000000	0.0000000000	0.0000000000	0.0000000000
0.7442610897	3.3592128754	2.8595471382	0.0000000000	0.0000000000	0.0000000000	0.0000000000
0.7443189734	3.3592128754	2.8595471382	0.0000000000	0.0000000000	0.0000000000	0.0000000000
0.7443768224	3.3592128754	2.8595471382	0.0000000000	0.0000000000	0.0000000000	0.0000000000
0.7444347177	3.3403568268	2.8617603779	0.0000000000	0.0000000000	0.0000000000	0.0000000000
0.7444925551	3.3403568268	2.8617603779	0.0000000000	0.0000000000	0.0000000000	0.0000000000
0.7445504273	3.3403568268	2.8617603779	0.0000000000	0.0000000000	0.0000000000	0.0000000000
0.7446083110	3.3261039257	2.9031181335	0.0000000000	0.0000000000	0.0000000000	0.0000000000
0.7446661715	3.3261039257	2.9031181335	0.0000000000	0.0000000000	0.0000000000	0.0000000000
0.7447240437	3.3261039257	2.9031181335	0.0000000000	0.0000000000	0.0000000000	0.0000000000
0.7447819274	3.3273000717	2.8345198631	0.0000000000	0.0000000000	0.0000000000	0.0000000000
0.7448397879	3.3264551163	2.8345198631	342.9942857143	0.1406011561	1.4060115607	0.7030057803
0.7448976716	5.4190692902	2.8345198631	342.9942857143	0.1406011561	1.4060115607	0.7030057803
0.7449555438	7.1913895607	2.8345198631	342.9942857143	0.1406011561	1.4060115607	0.7030057803
0.7450134043	8.9558162689	2.8345198631	342.9942857143	0.1406011561	1.4060115607	0.7030057803
0.7450712765	9.2740936279	2.8345198631	342.9942857143	0.1406011561	1.4060115607	0.7030057803
0.7451291371	9.8075618744	2.8345198631	342.9942857143	0.1406011561	1.4060115607	0.7030057803
0.7451870091	9.7678976059	2.8345198631	342.9942857143	0.1406011561	1.4060115607	0.7030057803
0.7452448810	9.2196025848	2.8345198631	342.9942857143	0.1406011561	1.4060115607	0.7030057803
0.7453027530	8.5069942474	2.8345198631	342.9942857143	0.1406011561	1.4060115607	0.7030057803
0.7453606250	7.9310245514	2.8345198631	342.9942857143	0.1406011561	1.4060115607	0.7030057803
0.7454184969	7.3775453568	2.8345198631	342.9942857143	0.1406011561	1.4060115607	0.7030057803
0.7454763573	6.8218231201	2.8345198631	342.9942857143	0.1406011561	1.4060115607	0.7030057803
0.7455342408	6.3373861313	2.8345198631	342.9942857143	0.1406011561	1.4060115607	0.7030057803
0.7455921128	5.5332565308	2.8345198631	342.9942857143	0.1406011561	1.4060115607	0.7030057803
0.7456499963	5.1899518967	2.8345198631	342.9942857143	0.1406011561	1.4060115607	0.7030057803
0.7457078452	5.1899518967	2.9078774452	342.9942857143	0.1406011561	1.4060115607	0.7030057803
0.7457657171	4.2635416985	2.9078774452	342.9942857143	0.1406011561	1.4060115607	0.7030057803
0.7458235891	4.2635416985	2.9078774452	342.9942857143	0.1406011561	1.4060115607	0.7030057803
0.7458814726	3.7678740025	2.9078774452	342.9942857143	0.1406011561	1.4060115607	0.7030057803
0.7459393330	3.7678740025	2.9078774452	342.9942857143	0.1406011561	1.4060115607	0.7030057803
0.7459971934	3.0781784058	2.9078774452	342.9942857143	0.1406011561	1.4060115607	0.7030057803
0.7460550769	3.0781784058	2.9078774452	342.9942857143	0.1406011561	1.4060115607	0.7030057803
0.7461129374	2.6240553856	2.9078774452	342.9942857143	0.1406011561	1.4060115607	0.7030057803
0.7461708093	2.6240553856	2.9078774452	342.9942857143	0.1406011561	1.4060115607	0.7030057803
0.7462286813	2.3710014820	2.9078774452	342.9942857143	0.1406011561	1.4060115607	0.7030057803
0.7462865532	2.3710014820	2.9078774452	342.9942857143	0.1406011561	1.4060115607	0.7030057803
0.7463444252	2.3617939949	2.9078774452	342.9942857143	0.1406011561	1.4060115607	0.7030057803
0.7464022972	2.3617939949	2.9078774452	342.9942857143	0.1406011561	1.4060115607	0.7030057803
0.7464601691	2.1355521679	2.9078774452	342.9942857143	0.1406011561	1.4060115607	0.7030057803
0.7465180295	2.1355521679	2.9078774452	342.9942857143	0.1406011561	1.4060115607	0.7030057803
0.7465759015	1.8540591002	2.5542428493	342.9942857143	0.1406011561	1.4060115607	0.7030057803
0.7466337850	1.8540591002	2.5542428493	342.9942857143	0.1406011561	1.4060115607	0.7030057803
0.7466916570	1.7542506456	2.5542428493	342.9942857143	0.1406011561	1.4060115607	0.7030057803
0.7467495174	1.7542506456	2.5542428493	342.9942857143	0.1406011561	1.4060115607	0.7030057803
0.7468073894	1.7689045668	2.5542428493	342.9942857143	0.1406011561	1.4060115607	0.7030057803
0.7468652613	1.7689045668	2.5542428493	342.9942857143	0.1406011561	1.4060115607	0.7030057803
0.7469231564	1.6660152674	2.5542428493	342.9942857143	0.1406011561	1.4060115607	0.7030057803
0.7469809937	1.6660152674	2.5542428493	342.9942857143	0.1406011561	1.4060115607	0.7030057803
0.7470388772	1.5648236275	2.5542428493	342.9942857143	0.1406011561	1.4060115607	0.7030057803
0.7470967376	1.5648236275	2.5542428493	342.9942857143	0.1406011561	1.4060115607	0.7030057803
0.7471546211	1.4954179525	2.5542428493	342.9942857143	0.1406011561	1.4060115607	0.7030057803
0.7472124815	1.4954179525	2.5542428493	342.9942857143	0.1406011561	1.4060115607	0.7030057803
0.7472703651	1.4660499096	2.5542428493	342.9942857143	0.1406011561	1.4060115607	0.7030057803
0.7473282255	1.4660499096	2.5542428493	342.9942857143	0.1406011561	1.4060115607	0.7030057803
0.7473861090	1.5438081026	2.5542428493	342.9942857143	0.1406011561	1.4060115607	0.7030057803
0.7474439694	1.5438081026	2.5542428493	342.9942857143	0.1406011561	1.4060115607	0.7030057803
0.7475018298	1.4811090231	2.5542428493	342.9942857143	0.1406011561	1.4060115607	0.7030057803
0.7475597017	1.4811090231	2.5542428493	342.9942857143	0.1406011561	1.4060115607	0.7030057803
0.7476175737	1.4628494978	2.5542428493	342.9942857143	0.1406011561	1.4060115607	0.7030057803
0.7476754457	1.4628494978	2.5542428493	342.9942857143	0.1406011561	1.4060115607	0.7030057803
0.7477333292	1.3853197098	2.5542428493	342.9942857143	0.1406011561	1.4060115607	0.7030057803
0.7477911896	1.3853197098	2.5542428493	342.9942857143	0.1406011561	1.4060115607	0.7030057803
0.7478490616	1.3540567160	2.5542428493	342.9942857143	0.1406011561	1.4060115607	0.7030057803
0.7479069451	1.3540567160	2.5542428493	342.9942857143	0.1406011561	1.4060115607	0.7030057803
0.7479647939	1.3718955517	2.5542428493	342.9942857143	0.1406011561	1.4060115607	0.7030057803
0.7480226659	1.3718955517	2.5542428493	342.9942857143	0.1406011561	1.4060115607	0.7030057803
0.7480805379	1.2714641094	2.5542428493	342.9942857143	0.1406011561	1.4060115607	0.7030057803
0.7481384098	1.2714641094	2.5542428493	342.9942857143	0.1406011561	1.4060115607	0.7030057803
0.7481962934	1.2139236927	2.5542428493	342.9942857143	0.1406011561	1.4060115607	0.7030057803
0.7482541538	1.2139236927	2.5542428493	342.9942857143	0.1406011561	1.4060115607	0.7030057803
0.7483120257	1.2604262829	2.5542428493	342.9942857143	0.1406011561	1.4060115607	0.7030057803
0.7483699092	1.1852335930	2.5542428493	342.9942857143	0.1406011561	1.4060115607	0.7030057803
0.7484277581	1.1666135788	2.5542428493	342.9942857143	0.1406011561	1.4060115607	0.7030057803
0.7484856416	1.1501283646	2.5542428493	342.9942857143	0.1406011561	1.4060115607	0.7030057803
0.7485435020	1.1389328241	2.5542428493	342.9942857143	0.1406011561	1.4060115607	0.7030057803
0.7486013740	1.1202898026	2.5542428493	342.9942857143	0.1406011561	1.4060115607	0.7030057803
0.7486592574	1.1119778156	2.5542428493	342.9942857143	0.1406011561	1.4060115607	0.7030057803
0.7487171293	1.1797406673	2.5542428493	342.9942857143	0.1406011561	1.4060115607	0.7030057803
0.7487750128	1.1681545973	2.5542428493	342.9942857143	0.1406011561	1.4060115607	0.7030057803
0.7488328731	1.1015098095	2.5542428493	342.9942857143	0.1406011561	1.4060115607	0.7030057803
0.7488907334	1.0773595572	2.5542428493	342.9942857143	0.1406011561	1.4060115607	0.7030057803
0.7489485937	1.0537998676	2.5542428493	342.9942857143	0.1406011561	1.4060115607	0.7030057803
0.7490064772	1.0601793528	2.5542428493	342.9942857143	0.1406011561	1.4060115607	0.7030057803
0.7490643491	1.1106201410	2.5542428493	342.9942857143	0.1406011561	1.4060115607	0.7030057803
0.7491222210	1.1406335831	2.5542428493	342.9942857143	0.1406011561	1.4060115607	0.7030057803
0.7491800813	1.1182397604	2.5542428493	342.9942857143	0.1406011561	1.4060115607	0.7030057803
0.7492379532	1.1052541733	2.5542428493	342.9942857143	0.1406011561	1.4060115607	0.7030057803
0.7492958251	1.1088435650	2.5542428493	342.9942857143	0.1406011561	1.4060115607	0.7030057803
0.7493536970	1.2025076151	2.5542428493	342.9942857143	0.1406011561	1.4060115607	0.7030057803
0.7494115573	1.1256580353	2.5542428493	342.9942857143	0.1406011561	1.4060115607	0.7030057803
0.7494694292	1.1222156286	2.5542428493	342.9942857143	0.1406011561	1.4060115607	0.7030057803
0.7495273010	1.2384092808	2.5542428493	342.9942857143	0.1406011561	1.4060115607	0.7030057803
0.7495851845	1.1863411665	2.5542428493	342.9942857143	0.1406011561	1.4060115607	0.7030057803
0.7496430448	1.1208877563	2.5542428493	342.9942857143	0.1406011561	1.4060115607	0.7030057803
0.7497009283	1.1272219419	2.5542428493	342.9942857143	0.1406011561	1.4060115607	0.7030057803
0.7497588002	1.1041228771	2.5542428493	342.9942857143	0.1406011561	1.4060115607	0.7030057803
0.7498166721	1.1139801741	2.5542428493	342.9942857143	0.1406011561	1.4060115607	0.7030057803
0.7498745439	1.0904822350	2.5542428493	342.9942857143	0.1406011561	1.4060115607	0.7030057803
0.7499324043	1.0999805927	2.5542428493	342.9942857143	0.1406011561	1.4060115607	0.7030057803
0.7499902761	1.1048880816	2.5542428493	342.9942857143	0.1406011561	1.4060115607	0.7030057803
0.7500481365	1.1144212484	2.5542428493	342.9942857143	0.1406011561	1.4060115607	0.7030057803
0.7501060084	1.1232362986	2.5542428493	342.9942857143	0.1406011561	1.4060115607	0.7030057803
0.7501638918	1.1184595823	2.5542428493	342.9942857143	0.1406011561	1.4060115607	0.7030057803
0.7502217521	1.1004915237	2.5542428493	342.9942857143	0.1406011561	1.4060115607	0.7030057803
0.7502796240	1.0926929712	2.5542428493	342.9942857143	0.1406011561	1.4060115607	0.7030057803
0.7503374959	1.1147544384	2.5542428493	342.9942857143	0.1406011561	1.4060115607	0.7030057803
0.7503953562	1.1325873137	2.5542428493	342.9942857143	0.1406011561	1.4060115607	0.7030057803
0.7504532397	1.0879082680	2.5542428493	342.9942857143	0.1406011561	1.4060115607	0.7030057803
0.7505111000	1.0786905289	2.5542428493	342.9942857143	0.1406011561	1.4060115607	0.7030057803
0.7505689835	1.0624834299	2.5542428493	342.9942857143	0.1406011561	1.4060115607	0.7030057803
0.7506268553	1.0599459410	2.5542428493	342.9942857143	0.1406011561	1.4060115607	0.7030057803
0.7506847157	1.0453866720	2.5542428493	342.9942857143	0.1406011561	1.4060115607	0.7030057803
0.7507425991	1.0453866720	2.5542428493	342.9942857143	0.1406011561	1.4060115607	0.7030057803
0.7508004594	1.2746723890	2.5542428493	342.9942857143	0.1406011561	1.4060115607	0.7030057803
0.7508583429	1.2746723890	2.5542428493	342.9942857143	0.1406011561	1.4060115607	0.7030057803
0.7509161916	1.2232258320	2.5542428493	342.9942857143	0.1406011561	1.4060115607	0.7030057803
0.7509740751	1.2232258320	2.5542428493	342.9942857143	0.1406011561	1.4060115607	0.7030057803
0.7510319354	1.1622964144	2.5542428493	342.9942857143	0.1406011561	1.4060115607	0.7030057803
0.7510898189	1.1622964144	2.5542428493	342.9942857143	0.1406011561	1.4060115607	0.7030057803
0.7511476792	1.1823440790	2.5542428493	342.9942857143	0.1406011561	1.4060115607	0.7030057803
0.7512055511	1.1823440790	2.5542428493	342.9942857143	0.1406011561	1.4060115607	0.7030057803
0.7512634345	1.0952339172	2.5542428493	342.9942857143	0.1406011561	1.4060115607	0.7030057803
0.7513213064	1.0952339172	2.5542428493	342.9942857143	0.1406011561	1.4060115607	0.7030057803
0.7513791552	0.9627867937	2.5542428493	342.9942857143	0.1406011561	1.4060115607	0.7030057803
0.7514370271	0.9627867937	2.5542428493	342.9942857143	0.1406011561	1.4060115607	0.7030057803
0.7514949105	1.0586925745	2.5542428493	342.9942857143	0.1406011561	1.4060115607	0.7030057803
0.7515527824	1.0586925745	2.5542428493	342.9942857143	0.1406011561	1.4060115607	0.7030057803
0.7516106427	0.9979013205	2.5542428493	342.9942857143	0.1406011561	1.4060115607	0.7030057803
0.7516685146	0.9979013205	2.5542428493	342.9942857143	0.1406011561	1.4060115607	0.7030057803
0.7517263865	0.9730111361	3.8209056854	342.9942857143	0.1406011561	1.4060115607	0.7030057803
0.7517842584	0.9730111361	3.8209056854	342.9942857143	0.1406011561	1.4060115607	0.7030057803
0.7518421418	0.9358350039	3.8209056854	342.9942857143	0.1406011561	1.4060115607	0.7030057803
0.7519000022	0.9358350039	3.8209056854	342.9942857143	0.1406011561	1.4060115607	0.7030057803
0.7519578625	0.9640873671	3.8209056854	342.9942857143	0.1406011561	1.4060115607	0.7030057803
0.7520157459	0.9640873671	3.8209056854	342.9942857143	0.1406011561	1.4060115607	0.7030057803
0.7520736063	0.9578257799	3.8209056854	342.9942857143	0.1406011561	1.4060115607	0.7030057803
0.7521314781	0.9578257799	3.8209056854	342.9942857143	0.1406011561	1.4060115607	0.7030057803
0.7521893500	0.9363043308	3.8209056854	342.9942857143	0.1406011561	1.4060115607	0.7030057803
0.7522472334	0.9363043308	3.8209056854	342.9942857143	0.1406011561	1.4060115607	0.7030057803
0.7523051053	0.8455502987	3.8209056854	342.9942857143	0.1406011561	1.4060115607	0.7030057803
0.7523629540	0.8455502987	3.8209056854	342.9942857143	0.1406011561	1.4060115607	0.7030057803
0.7524208259	0.8544949293	3.8209056854	342.9942857143	0.1406011561	1.4060115607	0.7030057803
0.7524786978	0.8544949293	3.8209056854	342.9942857143	0.1406011561	1.4060115607	0.7030057803
0.7525365696	0.8848265409	3.8209056854	342.9942857143	0.1406011561	1.4060115607	0.7030057803
0.7525944531	0.8848265409	3.8209056854	342.9942857143	0.1406011561	1.4060115607	0.7030057803
0.7526523134	1.0543495417	3.5167353153	342.9942857143	0.1406011561	1.4060115607	0.7030057803
0.7527101968	1.0543495417	3.5167353153	342.9942857143	0.1406011561	1.4060115607	0.7030057803
0.7527680571	1.0545258522	3.5167353153	342.9942857143	0.1406011561	1.4060115607	0.7030057803
0.7528259521	1.0545258522	3.5167353153	342.9942857143	0.1406011561	1.4060115607	0.7030057803
0.7528838008	1.1880404949	3.5167353153	342.9942857143	0.1406011561	1.4060115607	0.7030057803
0.7529416612	1.1880404949	3.5167353153	342.9942857143	0.1406011561	1.4060115607	0.7030057803
0.7529995330	1.2730998993	3.5167353153	342.9942857143	0.1406011561	1.4060115607	0.7030057803
0.7530574049	1.2730998993	3.5167353153	342.9942857143	0.1406011561	1.4060115607	0.7030057803
0.7531152768	1.3561753035	3.5167353153	342.9942857143	0.1406011561	1.4060115607	0.7030057803
0.7531731486	1.3561753035	3.5167353153	342.9942857143	0.1406011561	1.4060115607	0.7030057803
0.7532310205	1.2644459009	3.5167353153	342.9942857143	0.1406011561	1.4060115607	0.7030057803
0.7532888924	1.2644459009	3.5167353153	342.9942857143	0.1406011561	1.4060115607	0.7030057803
0.7533467527	1.2611728907	3.5167353153	342.9942857143	0.1406011561	1.4060115607	0.7030057803
0.7534046245	1.2611728907	3.5167353153	342.9942857143	0.1406011561	1.4060115607	0.7030057803
0.7534624964	1.2301036119	3.5167353153	342.9942857143	0.1406011561	1.4060115607	0.7030057803
0.7535203683	1.2301036119	3.5167353153	342.9942857143	0.1406011561	1.4060115607	0.7030057803
0.7535782401	1.1950885057	3.5167353153	342.9942857143	0.1406011561	1.4060115607	0.7030057803
0.7536361120	1.1340345144	3.5167353153	342.9942857143	0.1406011561	1.4060115607	0.7030057803
0.7536939839	1.1129679680	3.5167353153	342.9942857143	0.1406011561	1.4060115607	0.7030057803
0.7537518557	1.0979962349	3.5167353153	342.9942857143	0.1406011561	1.4060115607	0.7030057803
0.7538097392	1.1000308990	3.5167353153	342.9942857143	0.1406011561	1.4060115607	0.7030057803
0.7538675995	1.0786126852	3.5167353153	342.9942857143	0.1406011561	1.4060115607	0.7030057803
0.7539254713	1.0794007778	3.5167353153	342.9942857143	0.1406011561	1.4060115607	0.7030057803
0.7539833316	1.0887181759	3.5167353153	342.9942857143	0.1406011561	1.4060115607	0.7030057803
0.7540412035	1.0882102251	3.5167353153	342.9942857143	0.1406011561	1.4060115607	0.7030057803
0.7540990754	1.0997836590	3.5167353153	342.9942857143	0.1406011561	1.4060115607	0.7030057803
0.7541569472	1.1002477407	3.5167353153	342.9942857143	0.1406011561	1.4060115607	0.7030057803
0.7542148191	1.1100023985	3.5167353153	342.9942857143	0.1406011561	1.4060115607	0.7030057803
0.7542726910	1.1132714748	3.5167353153	342.9942857143	0.1406011561	1.4060115607	0.7030057803
0.7543305513	1.0994961262	3.5167353153	342.9942857143	0.1406011561	1.4060115607	0.7030057803
0.7543884231	1.0922944546	3.5167353153	342.9942857143	0.1406011561	1.4060115607	0.7030057803
0.7544462950	1.0825177431	3.5167353153	342.9942857143	0.1406011561	1.4060115607	0.7030057803
0.7545041669	1.0767565966	3.5167353153	342.9942857143	0.1406011561	1.4060115607	0.7030057803
0.7545620388	1.0684883595	3.5167353153	342.9942857143	0.1406011561	1.4060115607	0.7030057803
0.7546199106	1.0693128109	3.5167353153	342.9942857143	0.1406011561	1.4060115607	0.7030057803
0.7546777825	1.0515582561	3.5167353153	342.9942857143	0.1406011561	1.4060115607	0.7030057803
0.7547356544	1.0488120317	3.5167353153	342.9942857143	0.1406011561	1.4060115607	0.7030057803
0.7547935378	1.0487076044	3.5167353153	342.9942857143	0.1406011561	1.4060115607	0.7030057803
0.7548513865	1.0446966887	3.5167353153	342.9942857143	0.1406011561	1.4060115607	0.7030057803
0.7549092584	1.0639336109	3.5167353153	342.9942857143	0.1406011561	1.4060115607	0.7030057803
0.7549671303	1.0573645830	3.5167353153	342.9942857143	0.1406011561	1.4060115607	0.7030057803
0.7550250021	1.0471484661	3.5167353153	342.9942857143	0.1406011561	1.4060115607	0.7030057803
0.7550828856	1.0456624031	3.5167353153	342.9942857143	0.1406011561	1.4060115607	0.7030057803
0.7551407574	1.0452142954	3.5167353153	342.9942857143	0.1406011561	1.4060115607	0.7030057803
0.7551986177	1.0528239012	3.5167353153	342.9942857143	0.1406011561	1.4060115607	0.7030057803
0.7552565127	1.0531841516	3.5167353153	342.9942857143	0.1406011561	1.4060115607	0.7030057803
0.7553143615	1.0497351885	3.5167353153	342.9942857143	0.1406011561	1.4060115607	0.7030057803
0.7553722218	1.0411324501	3.5167353153	342.9942857143	0.1406011561	1.4060115607	0.7030057803
0.7554301052	1.0368205309	3.5167353153	342.9942857143	0.1406011561	1.4060115607	0.7030057803
0.7554879771	1.0464299917	3.5167353153	342.9942857143	0.1406011561	1.4060115607	0.7030057803
0.7555458374	1.0433458090	3.5167353153	342.9942857143	0.1406011561	1.4060115607	0.7030057803
0.7556037093	1.0496650934	3.5167353153	342.9942857143	0.1406011561	1.4060115607	0.7030057803
0.7556615927	1.0451487303	3.5167353153	342.9942857143	0.1406011561	1.4060115607	0.7030057803
0.7557194530	1.0437554121	3.5167353153	342.9942857143	0.1406011561	1.4060115607	0.7030057803
0.7557773249	1.0402573347	3.5167353153	342.9942857143	0.1406011561	1.4060115607	0.7030057803
0.7558351852	1.0362770557	3.5167353153	342.9942857143	0.1406011561	1.4060115607	0.7030057803
0.7558930570	1.0352839231	3.5167353153	342.9942857143	0.1406011561	1.4060115607	0.7030057803
0.7559509289	1.0319358110	3.5167353153	342.9942857143	0.1406011561	1.4060115607	0.7030057803
0.7560088123	1.0319358110	3.5167353153	342.9942857143	0.1406011561	1.4060115607	0.7030057803
0.7560666726	1.0229636431	3.5167353153	342.9942857143	0.1406011561	1.4060115607	0.7030057803
0.7561245445	1.0229636431	3.5167353153	342.9942857143	0.1406011561	1.4060115607	0.7030057803
0.7561824279	1.0285530090	3.5167353153	342.9942857143	0.1406011561	1.4060115607	0.7030057803
0.7562403114	1.0285530090	3.5167353153	342.9942857143	0.1406011561	1.4060115607	0.7030057803
0.7562981485	1.0231353045	3.5167353153	342.9942857143	0.1406011561	1.4060115607	0.7030057803
0.7563560204	1.0231353045	3.5167353153	342.9942857143	0.1406011561	1.4060115607	0.7030057803
0.7564138923	1.0448304415	3.5167353153	342.9942857143	0.1406011561	1.4060115607	0.7030057803
0.7564717641	1.0448304415	3.5167353153	342.9942857143	0.1406011561	1.4060115607	0.7030057803
0.7565296360	1.0268002748	3.5167353153	342.9942857143	0.1406011561	1.4060115607	0.7030057803
0.7565875194	1.0268002748	3.5167353153	342.9942857143	0.1406011561	1.4060115607	0.7030057803
0.7566453798	1.0146417618	3.5167353153	342.9942857143	0.1406011561	1.4060115607	0.7030057803
0.7567032516	1.0146417618	3.5167353153	342.9942857143	0.1406011561	1.4060115607	0.7030057803
0.7567611119	1.0399591923	3.5167353153	342.9942857143	0.1406011561	1.4060115607	0.7030057803
0.7568189838	1.0399591923	3.5167353153	342.9942857143	0.1406011561	1.4060115607	0.7030057803
0.7568768672	1.0398143530	3.5167353153	342.9942857143	0.1406011561	1.4060115607	0.7030057803
0.7569347275	1.0398143530	3.5167353153	342.9942857143	0.1406011561	1.4060115607	0.7030057803
0.7569925993	1.0244156122	3.5167353153	342.9942857143	0.1406011561	1.4060115607	0.7030057803
0.7570504712	1.0244156122	3.5167353153	342.9942857143	0.1406011561	1.4060115607	0.7030057803
0.7571083430	1.0059987307	3.5167353153	342.9942857143	0.1406011561	1.4060115607	0.7030057803
0.7571662149	1.0059987307	3.5167353153	342.9942857143	0.1406011561	1.4060115607	0.7030057803
0.7572240983	1.0121059418	3.5167353153	342.9942857143	0.1406011561	1.4060115607	0.7030057803
0.7572819470	1.0121059418	3.5167353153	342.9942857143	0.1406011561	1.4060115607	0.7030057803
0.7573398189	1.0069916248	3.5167353153	342.9942857143	0.1406011561	1.4060115607	0.7030057803
0.7573977023	1.0069916248	3.5167353153	342.9942857143	0.1406011561	1.4060115607	0.7030057803
0.7574555626	0.9987030029	3.5167353153	342.9942857143	0.1406011561	1.4060115607	0.7030057803
0.7575134344	0.9987030029	3.5167353153	342.9942857143	0.1406011561	1.4060115607	0.7030057803
0.7575713178	1.0067332983	2.4584918022	342.9942857143	0.1406011561	1.4060115607	0.7030057803
0.7576291897	1.0067332983	2.4584918022	342.9942857143	0.1406011561	1.4060115607	0.7030057803
0.7576870615	1.0216327906	2.4584918022	342.9942857143	0.1406011561	1.4060115607	0.7030057803
0.7577449102	1.0216327906	2.4584918022	342.9942857143	0.1406011561	1.4060115607	0.7030057803
0.7578027821	1.1424311399	2.4584918022	342.9942857143	0.1406011561	1.4060115607	0.7030057803
0.7578606655	1.1424311399	2.4584918022	342.9942857143	0.1406011561	1.4060115607	0.7030057803
0.7579185258	1.2007565498	2.4584918022	342.9942857143	0.1406011561	1.4060115607	0.7030057803
0.7579763976	1.2007565498	2.4584918022	342.9942857143	0.1406011561	1.4060115607	0.7030057803
0.7580342810	1.5272986889	2.4584918022	342.9942857143	0.1406011561	1.4060115607	0.7030057803
0.7580921529	1.5272986889	2.4584918022	342.9942857143	0.1406011561	1.4060115607	0.7030057803
0.7581500363	1.3548105955	2.4584918022	342.9942857143	0.1406011561	1.4060115607	0.7030057803
0.7582078850	1.3548105955	2.4584918022	342.9942857143	0.1406011561	1.4060115607	0.7030057803
0.7582657453	1.2581473589	2.4584918022	342.9942857143	0.1406011561	1.4060115607	0.7030057803
0.7583236172	1.2581473589	2.4584918022	342.9942857143	0.1406011561	1.4060115607	0.7030057803
0.7583814890	1.2085510492	2.4584918022	342.9942857143	0.1406011561	1.4060115607	0.7030057803
0.7584393609	1.2085510492	2.4584918022	342.9942857143	0.1406011561	1.4060115607	0.7030057803
0.7584972327	1.1605525017	2.4584918022	342.9942857143	0.1406011561	1.4060115607	0.7030057803
0.7585551161	1.1605525017	2.4584918022	342.9942857143	0.1406011561	1.4060115607	0.7030057803
0.7586129764	1.1423693895	2.4584918022	342.9942857143	0.1406011561	1.4060115607	0.7030057803
0.7586708598	1.1215618849	2.4584918022	342.9942857143	0.1406011561	1.4060115607	0.7030057803
0.7587287085	1.1087682247	2.4584918022	342.9942857143	0.1406011561	1.4060115607	0.7030057803
0.7587865804	1.2056570053	2.4584918022	342.9942857143	0.1406011561	1.4060115607	0.7030057803
0.7588444522	1.2516757250	2.4584918022	342.9942857143	0.1406011561	1.4060115607	0.7030057803
0.7589023241	1.2142432928	2.4584918022	342.9942857143	0.1406011561	1.4060115607	0.7030057803
0.7589601959	1.1969684362	2.4584918022	342.9942857143	0.1406011561	1.4060115607	0.7030057803
0.7590180678	1.1500897408	2.4584918022	342.9942857143	0.1406011561	1.4060115607	0.7030057803
0.7590759396	1.1260036230	2.4584918022	342.9942857143	0.1406011561	1.4060115607	0.7030057803
0.7591338115	1.0966341496	2.4584918022	342.9942857143	0.1406011561	1.4060115607	0.7030057803
0.7591916833	1.0914562941	2.4584918022	342.9942857143	0.1406011561	1.4060115607	0.7030057803
0.7592495436	1.1710060835	2.4584918022	342.9942857143	0.1406011561	1.4060115607	0.7030057803
0.7593074270	1.2319895029	2.4584918022	342.9942857143	0.1406011561	1.4060115607	0.7030057803
0.7593652989	1.1995475292	2.4584918022	342.9942857143	0.1406011561	1.4060115607	0.7030057803
0.7594231592	1.1747764349	2.4584918022	342.9942857143	0.1406011561	1.4060115607	0.7030057803
0.7594810310	1.1382246017	2.4584918022	342.9942857143	0.1406011561	1.4060115607	0.7030057803
0.7595389029	1.1173284054	2.4584918022	342.9942857143	0.1406011561	1.4060115607	0.7030057803
0.7595967978	1.1173284054	1.9898710251	342.9942857143	0.1406011561	1.4060115607	0.7030057803
0.7596546581	1.0620552301	1.9898710251	342.9942857143	0.1406011561	1.4060115607	0.7030057803
0.7597125068	1.0412217379	1.9898710251	342.9942857143	0.1406011561	1.4060115607	0.7030057803
0.7597703787	1.0375288725	1.9898710251	342.9942857143	0.1406011561	1.4060115607	0.7030057803
0.7598282505	1.0680476427	1.9898710251	342.9942857143	0.1406011561	1.4060115607	0.7030057803
0.7598861224	1.0534679890	1.9898710251	342.9942857143	0.1406011561	1.4060115607	0.7030057803
0.7599440058	1.0366445780	1.9898710251	342.9942857143	0.1406011561	1.4060115607	0.7030057803
0.7600018661	1.0312830210	1.9898710251	342.9942857143	0.1406011561	1.4060115607	0.7030057803
0.7600597495	1.0687000751	1.9898710251	342.9942857143	0.1406011561	1.4060115607	0.7030057803
0.7601176098	1.0568336248	1.9898710251	342.9942857143	0.1406011561	1.4060115607	0.7030057803
0.7601754932	1.0241454840	1.9898710251	342.9942857143	0.1406011561	1.4060115607	0.7030057803
0.7602333419	1.0198986530	1.9898710251	342.9942857143	0.1406011561	1.4060115607	0.7030057803
0.7602912138	1.0899361372	1.9898710251	342.9942857143	0.1406011561	1.4060115607	0.7030057803
0.7603490856	1.0623402596	1.9898710251	342.9942857143	0.1406011561	2.6361849711	0.7030057803
0.7604069574	1.0899361372	1.9898710251	342.9942857143	0.1406011561	2.6361849711	0.7030057803
0.7604648293	1.0103464127	1.9898710251	342.9942857143	0.1406011561	2.6361849711	0.7030057803
0.7605227127	0.9887037277	1.9898710251	342.9942857143	0.1406011561	2.6361849711	0.7030057803
0.7605805730	0.9958500862	1.9898710251	342.9942857143	0.1406011561	2.6361849711	0.7030057803
0.7606384448	1.0576783419	1.9898710251	342.9942857143	0.1406011561	2.6361849711	0.7030057803
0.7606963051	1.0857167244	1.9898710251	342.9942857143	0.1406011561	2.6361849711	0.7030057803
0.7607541885	1.2285343409	1.9898710251	342.9942857143	0.1406011561	2.6361849711	0.7030057803
0.7608120488	1.3067077398	1.9898710251	342.9942857143	0.1406011561	2.6361849711	0.7030057803
0.7608699207	1.4475150108	1.9898710251	342.9942857143	0.1406011561	2.6361849711	0.7030057803
0.7609277925	1.5103063583	1.9898710251	342.9942857143	0.1406011561	2.6361849711	0.7030057803
0.7609856644	1.6512126923	1.9898710251	342.9942857143	0.1406011561	2.6361849711	0.7030057803
0.7610435362	1.6898813248	1.9898710251	342.9942857143	0.1406011561	2.6361849711	0.7030057803
0.7611014196	1.8421355486	1.9898710251	342.9942857143	0.1406011561	2.6361849711	0.7030057803
0.7611592915	1.8757272959	1.9898710251	342.9942857143	0.1406011561	2.6361849711	0.7030057803
0.7612171402	1.9691044092	1.9898710251	342.9942857143	0.1406011561	2.6361849711	0.7030057803
0.7612750236	2.0158629417	1.9898710251	342.9942857143	0.1406011561	2.6361849711	0.7030057803
0.7613328955	2.0943148136	1.9898710251	342.9942857143	0.1406011561	2.6361849711	0.7030057803
0.7613907558	2.1194794178	1.9898710251	342.9942857143	0.1406011561	2.6361849711	0.7030057803
0.7614486392	2.2027380466	1.9898710251	342.9942857143	0.1406011561	2.6361849711	0.7030057803
0.7615065110	2.2300591469	1.9898710251	342.9942857143	0.1406011561	2.6361849711	0.7030057803
0.7615643944	2.2943708897	1.9898710251	342.9942857143	0.1406011561	2.6361849711	0.7030057803
0.7616222431	2.3083839417	1.9898710251	342.9942857143	0.1406011561	2.6361849711	0.7030057803
0.7616801034	2.3173518181	1.9898710251	342.9942857143	0.1406011561	2.6361849711	0.7030057803
0.7617379753	2.3203804493	1.9898710251	342.9942857143	0.1406011561	2.6361849711	0.7030057803
0.7617958471	2.3420343399	1.9898710251	342.9942857143	0.1406011561	2.6361849711	0.7030057803
0.7618537190	2.3486514091	1.9898710251	342.9942857143	0.1406011561	2.6361849711	0.7030057803
0.7619115908	2.3639044762	1.9898710251	342.9942857143	0.1406011561	2.6361849711	0.7030057803
0.7619694627	2.3739914894	1.9898710251	342.9942857143	0.1406011561	2.6361849711	0.7030057803
0.7620273461	2.3720710278	1.9898710251	342.9942857143	0.1406011561	2.6361849711	0.7030057803
0.7620852179	2.3734939098	1.9898710251	342.9942857143	0.1406011561	2.6361849711	0.7030057803
0.7621430898	2.3934566975	1.9898710251	342.9942857143	0.1406011561	2.6361849711	0.7030057803
0.7622009501	2.3823568821	1.9898710251	342.9942857143	0.1406011561	2.6361849711	0.7030057803
0.7622588219	2.3878364563	1.9898710251	342.9942857143	0.1406011561	2.6361849711	0.7030057803
0.7623166822	2.3917310238	1.9898710251	342.9942857143	0.1406011561	2.6361849711	0.7030057803
0.7623745656	2.3931887150	1.9898710251	342.9942857143	0.1406011561	2.6361849711	0.7030057803
0.7624324259	2.3956158161	1.9898710251	342.9942857143	0.1406011561	2.6361849711	0.7030057803
0.7624903093	2.3956158161	2.0089514256	342.9942857143	0.1406011561	2.6361849711	0.7030057803
0.7625481696	3.1228606701	2.0089514256	342.9942857143	0.1406011561	2.6361849711	0.7030057803
0.7626060530	2.7930011749	2.0089514256	342.9942857143	0.1406011561	2.6361849711	0.7030057803
0.7626639017	2.6961400509	2.0089514256	342.9942857143	0.1406011561	2.6361849711	0.7030057803
0.7627217736	2.6961400509	2.0089514256	342.9942857143	0.1406011561	2.6361849711	0.7030057803
0.7627796570	2.5015168190	2.0089514256	342.9942857143	97.5260115607	2.6361849711	0.7030057803
0.7628375288	2.4823164940	2.0089514256	342.9942857143	97.5260115607	2.6361849711	0.7030057803
0.7628954007	2.4451177120	2.0089514256	34.0320000000	97.5260115607	2.6361849711	0.7030057803
0.7629532610	2.3934254646	2.0089514256	34.0320000000	97.5260115607	2.6361849711	0.7030057803
0.7630111444	2.3686087132	2.0089514256	34.0320000000	97.5260115607	2.6361849711	0.7030057803
0.7630690047	2.3322272301	2.0089514256	0.0000000000	0.0000000000	0.0000000000	0.0000000000
0.7631268996	2.3187482357	2.0089514256	34.0320000000	97.5260115607	2.6361849711	0.7030057803
0.7631847368	2.3187482357	2.0089514256	34.0320000000	97.5260115607	2.6361849711	0.7030057803
0.7632426087	2.3258364201	2.0089514256	34.0320000000	97.5260115607	2.6361849711	0.7030057803
0.7633004805	2.3258364201	2.0089514256	34.0320000000	97.5260115607	2.6361849711	0.7030057803
0.7633583639	2.3383445740	2.0089514256	34.0320000000	97.5260115607	2.6361849711	0.7030057803
0.7634162242	2.3383445740	2.0089514256	34.0320000000	97.5260115607	2.6361849711	0.7030057803
0.7634741076	2.3001532555	2.0089514256	34.0320000000	97.5260115607	2.6361849711	0.7030057803
0.7635319795	2.2834248543	2.0089514256	34.0320000000	2.6361849711	2.6361849711	0.7030057803
0.7635898513	2.3058440685	2.0089514256	34.0320000000	2.6361849711	2.6361849711	0.7030057803
0.7636477116	2.3058440685	2.0089514256	34.0320000000	2.6361849711	2.6361849711	0.7030057803
0.7637055719	2.3054931164	1.9904258251	34.0320000000	2.6361849711	2.6361849711	0.7030057803
0.7637634437	2.3054931164	1.9904258251	34.0320000000	2.6361849711	2.6361849711	0.7030057803
0.7638213156	2.3054931164	1.9904258251	34.0320000000	2.6361849711	2.6361849711	0.7030057803
0.7638791990	2.3574867249	1.9904258251	34.0320000000	2.6361849711	5.2716763006	0.7030057803
0.7639370593	2.5762088299	1.9904258251	34.0320000000	2.6361849711	5.2716763006	0.7030057803
0.7639949427	2.5762088299	1.9904258251	34.0320000000	2.6361849711	0.5271676301	0.7030057803
0.7640528030	2.5975012779	1.9904258251	34.0320000000	2.6361849711	0.5271676301	0.7030057803
0.7641106864	2.5975012779	1.9904258251	34.0320000000	2.6361849711	0.5271676301	0.7030057803
0.7641685467	2.6158626080	1.9904258251	33.9840000000	2.6361849711	0.5271676301	0.7030057803
0.7642264069	2.6146347523	1.9904258251	33.9840000000	2.6361849711	0.5271676301	0.7030057803
0.7642842788	2.7016332150	1.9904258251	33.9840000000	2.6361849711	0.5271676301	0.7030057803
0.7643421669	2.7016332150	1.9904258251	33.9840000000	2.6361849711	0.5271676301	0.7030057803
0.7644000370	2.7713985443	1.9904258251	33.9840000000	2.6361849711	0.5271676301	0.7030057803
0.7644579186	2.7713985443	1.9904258251	33.9840000000	2.6361849711	0.5271676301	0.7030057803
0.7645158119	2.8359861374	1.9904258251	33.9840000000	2.6361849711	0.5271676301	0.7030057803
0.7645736935	2.8359861374	1.9904258251	33.9840000000	2.6361849711	0.5271676301	0.7030057803
0.7646315520	2.7382857800	1.9833376408	33.9840000000	2.6361849711	0.5271676301	0.7030057803
0.7646894452	2.7382857800	1.9833376408	33.9840000000	2.6361849711	0.5271676301	0.7030057803
0.7647473269	2.5661740303	2.0314395428	33.9840000000	2.6361849711	0.5271676301	0.7030057803
0.7648051969	2.5661740303	2.0314395428	33.9840000000	2.6361849711	0.5271676301	0.7030057803
0.7648630901	2.3197972775	2.0314395428	33.9840000000	2.6361849711	0.5271676301	0.7030057803
0.7649209602	2.3197972775	2.0314395428	33.9840000000	2.6361849711	0.5271676301	0.7030057803
0.7649788534	2.0923762321	2.0314395428	33.9840000000	2.6361849711	0.5271676301	0.7030057803
0.7650367235	2.0923762321	2.0314395428	33.9840000000	2.6361849711	0.5271676301	0.7030057803
0.7650946167	2.0474507809	2.0314395428	33.9840000000	2.6361849711	0.5271676301	0.7030057803
0.7651524752	2.0474507809	2.0314395428	33.9840000000	2.6361849711	0.5271676301	0.7030057803
0.7652103684	2.0859322548	2.0314395428	33.9840000000	2.6361849711	0.5271676301	0.7030057803
0.7652682501	2.0859322548	2.0314395428	33.9840000000	2.6361849711	0.5271676301	0.7030057803
0.7653261201	2.1332242489	2.0618605614	33.9840000000	2.6361849711	0.5271676301	0.7030057803
0.7653840248	2.1332242489	2.0618605614	33.9840000000	2.6361849711	0.5271676301	0.7030057803
0.7654418823	2.0945987701	2.0618605614	33.9840000000	2.6361849711	0.5271676301	0.7030057803
0.7654997744	2.0945987701	2.0618605614	33.9840000000	2.6361849711	0.5271676301	0.7030057803
0.7655576435	1.9923218489	2.0618605614	33.9840000000	2.6361849711	0.5271676301	0.7030057803
0.7656155241	1.9923218489	2.0618605614	33.9840000000	2.6361849711	0.5271676301	0.7030057803
0.7656733932	1.7743717432	2.0618605614	33.9840000000	2.6361849711	0.5271676301	0.7030057803
0.7657312738	1.7743717432	2.0618605614	33.9840000000	2.6361849711	0.5271676301	0.7030057803
0.7657891544	1.6647807360	2.0618605614	33.9840000000	2.6361849711	0.5271676301	0.7030057803
0.7658470466	1.6647807360	2.0618605614	33.9840000000	2.6361849711	0.5271676301	0.7030057803
0.7659049273	1.5464791059	2.0618605614	33.9840000000	2.6361849711	0.5271676301	0.7030057803
0.7659627963	1.5464791059	2.0618605614	33.9840000000	2.6361849711	0.5271676301	0.7030057803
0.7660206769	1.4485691786	2.0618605614	33.9840000000	2.6361849711	0.5271676301	0.7030057803
0.7660785576	1.4485691786	2.0618605614	33.9840000000	2.6361849711	0.5271676301	0.7030057803
0.7661364266	1.3855370283	2.0618605614	33.9840000000	2.6361849711	0.5271676301	0.7030057803
0.7661943188	1.3855370283	2.0618605614	33.9840000000	2.6361849711	0.5271676301	0.7030057803
0.7662521879	1.2949008942	2.0618605614	33.9840000000	2.6361849711	0.5271676301	0.7030057803
0.7663100916	1.2949008942	2.0618605614	33.9840000000	2.6361849711	0.5271676301	0.7030057803
0.7663679491	1.2247127295	2.0618605614	33.9840000000	2.6361849711	0.5271676301	0.7030057803
0.7664258413	1.2400946617	2.0618605614	33.9840000000	2.6361849711	0.5271676301	0.7030057803
0.7664837104	1.2331095934	2.0618605614	33.9840000000	2.6361849711	0.5271676301	0.7030057803
0.7665415910	1.1792633533	2.0618605614	33.9840000000	2.6361849711	0.5271676301	0.7030057803
0.7665994601	1.1669979095	2.0618605614	33.9840000000	2.6361849711	0.5271676301	0.7030057803
0.7666573407	1.1647334099	2.0618605614	33.9840000000	2.6361849711	0.5271676301	0.7030057803
0.7667152329	1.1454070807	2.0618605614	33.9840000000	2.6361849711	0.5271676301	0.7030057803
0.7667731019	1.1463189125	2.0618605614	33.9840000000	2.6361849711	0.5271676301	0.7030057803
0.7668309941	1.1271724701	2.0618605614	33.9840000000	2.6361849711	0.5271676301	0.7030057803
0.7668888632	1.1270821095	2.0618605614	33.9840000000	2.6361849711	0.5271676301	0.7030057803
0.7669467554	1.1286579370	2.0618605614	33.9840000000	2.6361849711	0.5271676301	0.7030057803
0.7670046360	1.1450557709	2.0618605614	33.9840000000	2.6361849711	0.5271676301	0.7030057803
0.7670625166	1.1468816996	2.0618605614	33.9840000000	2.6361849711	0.5271676301	0.7030057803
0.7671203741	1.1347930431	2.0618605614	33.9840000000	2.6361849711	0.5271676301	0.7030057803
0.7671782548	1.1388827562	2.0618605614	33.9840000000	2.6361849711	0.5271676301	0.7030057803
0.7672361585	1.1136536598	2.0618605614	33.9840000000	2.6361849711	0.5271676301	0.7030057803
0.7672940160	1.1135833263	2.0618605614	33.9840000000	2.6361849711	0.5271676301	0.7030057803
0.7673518966	1.0921434164	2.0618605614	33.9840000000	2.6361849711	0.5271676301	0.7030057803
0.7674097773	1.0905418396	2.0618605614	33.9840000000	2.6361849711	0.5271676301	0.7030057803
0.7674676695	1.0789202452	2.0618605614	33.9840000000	2.6361849711	0.5271676301	0.7030057803
0.7675255385	1.0785263777	2.0618605614	33.9840000000	2.6361849711	0.5271676301	0.7030057803
0.7675834076	1.0562093258	2.0618605614	33.9840000000	2.6361849711	0.5271676301	0.7030057803
0.7676412882	1.0518033504	2.0618605614	33.9840000000	2.6361849711	0.5271676301	0.7030057803
0.7676991688	1.0353099108	2.0618605614	33.9840000000	2.6361849711	0.5271676301	0.7030057803
0.7677570610	1.0268101692	2.0618605614	33.9840000000	2.6361849711	0.5271676301	0.7030057803
0.7678149301	0.9993305206	2.0618605614	33.9840000000	2.6361849711	0.5271676301	0.7030057803
0.7678728223	1.0032534599	2.0618605614	33.9840000000	2.6361849711	0.5271676301	0.7030057803
0.7679306913	1.0174934864	2.0618605614	33.9840000000	2.6361849711	0.5271676301	0.7030057803
0.7679885719	1.0565888882	2.0618605614	33.9840000000	2.6361849711	0.5271676301	0.7030057803
0.7680464642	1.0287582874	2.0618605614	33.9840000000	2.6361849711	0.5271676301	0.7030057803
0.7681043216	1.0167899132	2.0618605614	33.9840000000	2.6361849711	0.5271676301	0.7030057803
0.7681622023	1.0031663179	2.0618605614	33.9840000000	2.6361849711	0.5271676301	0.7030057803
0.7682200829	1.0002222061	2.0618605614	33.9840000000	2.6361849711	0.5271676301	0.7030057803
0.7682779635	0.9913045168	2.0618605614	33.9840000000	2.6361849711	0.5271676301	0.7030057803
0.7683358441	0.9898568392	2.0618605614	33.9840000000	2.6361849711	0.5271676301	0.7030057803
0.7683937363	0.9905194044	2.0618605614	33.9840000000	2.6361849711	0.5271676301	0.7030057803
0.7684516054	0.9800440073	2.0618605614	33.9840000000	2.6361849711	0.5271676301	0.7030057803
0.7685094976	0.9766032696	2.0618605614	33.9840000000	2.6361849711	0.5271676301	0.7030057803
0.7685673551	0.9766461849	2.0618605614	33.9840000000	2.6361849711	0.5271676301	0.7030057803
0.7686252473	0.9740784168	2.0618605614	33.9840000000	2.6361849711	0.5271676301	0.7030057803
0.7686831163	0.9814265966	2.0618605614	33.9840000000	2.6361849711	0.5271676301	0.7030057803
0.7687410085	0.9662826061	2.0618605614	33.9840000000	2.6361849711	0.5271676301	0.7030057803
0.7687988891	0.9662826061	2.0618605614	33.9840000000	2.6361849711	0.5271676301	0.7030057803
0.7688567575	0.9691051245	2.0618605614	33.9840000000	2.6361849711	0.5271676301	0.7030057803
0.7689146330	0.9691051245	2.0618605614	33.9840000000	2.6361849711	0.5271676301	0.7030057803
0.7689725085	0.9551249743	2.0618605614	33.9840000000	2.6361849711	0.5271676301	0.7030057803
0.7690303956	0.9551249743	2.0618605614	33.9840000000	2.6361849711	0.5271676301	0.7030057803
0.7690882480	0.9366886616	2.0618605614	33.9840000000	2.6361849711	0.5271676301	0.7030057803
0.7691461235	0.9366886616	2.0618605614	33.9840000000	2.6361849711	0.5271676301	0.7030057803
0.7692039990	0.9240595102	2.0618605614	33.9840000000	2.6361849711	0.5271676301	0.7030057803
0.7692618745	0.9240595102	2.0618605614	33.9840000000	2.6361849711	0.5271676301	0.7030057803
0.7693197500	0.8955966234	2.0618605614	33.9840000000	2.6361849711	0.5271676301	0.7030057803
0.7693776371	0.8955966234	2.0618605614	33.9840000000	2.6361849711	0.5271676301	0.7030057803
0.7694355126	0.8916845322	2.0618605614	33.9840000000	2.6361849711	0.5271676301	0.7030057803
0.7694933765	0.8916845322	2.0618605614	33.9840000000	2.6361849711	0.5271676301	0.7030057803
0.7695512405	0.9028310776	2.0618605614	33.9840000000	2.6361849711	0.5271676301	0.7030057803
0.7696091160	0.9028310776	2.0618605614	33.9840000000	2.6361849711	0.5271676301	0.7030057803
0.7696669915	0.9010375738	2.0618605614	33.9840000000	2.6361849711	0.5271676301	0.7030057803
0.7697248670	0.9058718681	2.0618605614	33.9840000000	2.6361849711	0.5271676301	0.7030057803
0.7697827425	0.9047131538	2.0618605614	33.9840000000	2.6361849711	0.5271676301	0.7030057803
0.7698406180	0.9047131538	2.0618605614	33.9840000000	2.6361849711	0.5271676301	0.7030057803
0.7698984935	0.9024788141	2.0618605614	33.9840000000	2.6361849711	0.5271676301	0.7030057803
0.7699563690	0.9024788141	2.0618605614	33.9840000000	2.6361849711	0.5271676301	0.7030057803
0.7700142330	0.9047409296	2.0618605614	33.9840000000	2.6361849711	0.5271676301	0.7030057803
0.7700721200	0.9047409296	2.0618605614	33.9840000000	2.6361849711	0.5271676301	0.7030057803
0.7701299840	0.9057455063	2.6325716972	33.9840000000	2.6361849711	0.5271676301	0.7030057803
0.7701878711	0.9057455063	2.6325716972	33.9840000000	2.6361849711	0.5271676301	0.7030057803
0.7702457350	0.9113626480	2.6325716972	33.9840000000	2.6361849711	0.5271676301	0.7030057803
0.7703036221	0.9108275175	2.6325716972	33.9840000000	2.6361849711	0.5271676301	0.7030057803
0.7703614860	0.9140949249	2.6325716972	33.9840000000	2.6361849711	0.5271676301	0.7030057803
0.7704193615	0.9140949249	2.6325716972	33.9840000000	2.6361849711	0.5271676301	0.7030057803
0.7704772486	0.9106668234	2.6325716972	33.9840000000	2.6361849711	0.5271676301	0.7030057803
0.7705351125	0.9106668234	2.6325716972	33.9840000000	2.6361849711	0.5271676301	0.7030057803
0.7705929765	0.8977357149	2.6325716972	33.9840000000	2.6361849711	0.5271676301	0.7030057803
0.7706508636	0.8977357149	2.6325716972	33.9840000000	2.6361849711	0.5271676301	0.7030057803
0.7707087275	0.8938596249	2.6325716972	33.9840000000	2.6361849711	0.5271676301	0.7030057803
0.7707666030	0.8938596249	2.6325716972	33.9840000000	2.6361849711	0.5271676301	0.7030057803
0.7708244785	0.8901181221	2.6325716972	33.9840000000	2.6361849711	0.5271676301	0.7030057803
0.7708823656	0.8901181221	2.6325716972	33.9840000000	2.6361849711	0.5271676301	0.7030057803
0.7709402296	0.8995674849	2.8471975327	33.9840000000	2.6361849711	0.5271676301	0.7030057803
0.7709981050	0.8995674849	2.8471975327	33.9840000000	2.6361849711	0.5271676301	0.7030057803
0.7710559690	0.9072486162	2.8471975327	33.9840000000	2.6361849711	0.5271676301	0.7030057803
0.7711138445	0.9072486162	2.8471975327	33.9840000000	2.6361849711	0.5271676301	0.7030057803
0.7711717316	0.9360202551	2.8471975327	33.9840000000	2.6361849711	0.5271676301	0.7030057803
0.7712295955	0.9360202551	2.8471975327	33.9840000000	2.6361849711	0.5271676301	0.7030057803
0.7712874826	0.9361919165	2.8471975327	33.9840000000	2.6361849711	0.5271676301	0.7030057803
0.7713453465	0.9361919165	2.8471975327	33.9840000000	2.6361849711	0.5271676301	0.7030057803
0.7714032336	0.9210847616	2.8471975327	33.9840000000	2.6361849711	0.5271676301	0.7030057803
0.7714611091	0.9210847616	2.8471975327	33.9840000000	2.6361849711	0.5271676301	0.7030057803
0.7715189731	0.9282213449	2.6726572514	33.9840000000	2.6361849711	0.5271676301	0.7030057803
0.7715768370	0.9282213449	2.6726572514	33.9840000000	2.6361849711	0.5271676301	0.7030057803
0.7716347125	0.9072453976	2.6726572514	33.9840000000	2.6361849711	0.5271676301	0.7030057803
0.7716925880	0.9072453976	2.6726572514	33.9840000000	2.6361849711	0.5271676301	0.7030057803
0.7717504751	0.9078217745	2.6726572514	33.9840000000	2.6361849711	0.5271676301	0.7030057803
0.7718083390	0.9078217745	2.6726572514	33.9840000000	2.6361849711	0.5271676301	0.7030057803
0.7718662261	0.9346885681	2.6726572514	33.9840000000	2.6361849711	0.5271676301	0.7030057803
0.7719240901	0.9346885681	2.6726572514	33.9840000000	2.6361849711	0.5271676301	0.7030057803
0.7719819540	0.9322092533	2.6726572514	33.9840000000	2.6361849711	0.5271676301	0.7030057803
0.7720398295	0.9322092533	2.6726572514	33.9840000000	2.6361849711	0.5271676301	0.7030057803
0.7720977050	0.9083287716	2.6726572514	33.9840000000	2.6361849711	0.5271676301	0.7030057803
0.7721555805	0.9083287716	2.6726572514	33.9840000000	2.6361849711	0.5271676301	0.7030057803
0.7722134676	0.8960970640	2.6726572514	33.9840000000	2.6361849711	0.5271676301	0.7030057803
0.7722713431	0.8960970640	2.6726572514	33.9840000000	2.6361849711	0.5271676301	0.7030057803
0.7723292068	0.9050176144	2.6726572514	33.9840000000	2.6361849711	0.5271676301	0.7030057803
0.7723870801	0.9050176144	2.6726572514	33.9840000000	2.6361849711	0.5271676301	0.7030057803
0.7724449651	0.9091533422	2.6726572514	33.9840000000	2.6361849711	0.5271676301	0.7030057803
0.7725028153	0.9091533422	2.6726572514	33.9840000000	2.6361849711	0.5271676301	0.7030057803
0.7725607003	0.9257205725	2.6726572514	33.9840000000	2.6361849711	0.5271676301	0.7030057803
0.7726185621	0.9257205725	2.6726572514	33.9840000000	2.6361849711	0.5271676301	0.7030057803
0.7726764355	0.9235881567	2.6726572514	33.9840000000	2.6361849711	0.5271676301	0.7030057803
0.7727343204	0.9235881567	2.6726572514	33.9840000000	2.6361849711	0.5271676301	0.7030057803
0.7727921822	0.9188451767	2.4679937363	33.9840000000	2.6361849711	0.5271676301	0.7030057803
0.7728500672	0.9061094522	2.4679937363	33.9840000000	2.6361849711	0.5271676301	0.7030057803
0.7729079406	0.9103208780	2.3993973732	0.0000000000	0.0000000000	0.0000000000	0.0000000000
0.7729657908	0.9103208780	2.3993973732	0.0000000000	0.0000000000	0.0000000000	0.0000000000
0.7730236642	0.9103208780	2.3993973732	0.0000000000	0.0000000000	0.0000000000	0.0000000000
0.7730815376	0.8843870163	2.3512074947	0.0000000000	0.0000000000	0.0000000000	0.0000000000
0.7731394110	0.8843870163	2.3512074947	0.0000000000	0.0000000000	0.0000000000	0.0000000000
0.7731972844	0.8843870163	2.3512074947	0.0000000000	0.0000000000	0.0000000000	0.0000000000
0.7732551577	0.8688116074	2.1782860756	0.0000000000	0.0000000000	0.0000000000	0.0000000000
0.7733130311	0.8688116074	2.1782860756	0.0000000000	0.0000000000	0.0000000000	0.0000000000
0.7733709045	0.8688116074	2.1782860756	0.0000000000	0.0000000000	0.0000000000	0.0000000000
0.7734287894	0.8688116074	2.0952255726	0.0000000000	0.0000000000	0.0000000000	0.0000000000
0.7734866397	0.8988217115	2.0952255726	0.0000000000	0.0000000000	0.0000000000	0.0000000000
0.7735445131	0.8988217115	2.0952255726	0.0000000000	0.0000000000	0.0000000000	0.0000000000
0.7736023865	0.8988217115	2.0952255726	0.0000000000	0.0000000000	0.0000000000	0.0000000000
0.7736602598	0.8899310827	2.1038398743	0.0000000000	0.0000000000	0.0000000000	0.0000000000
0.7737181332	0.8899310827	2.1038398743	0.0000000000	0.0000000000	0.0000000000	0.0000000000
0.7737760066	0.8899310827	2.1038398743	0.0000000000	0.0000000000	0.0000000000	0.0000000000
0.7738338800	0.8865703344	2.1761398315	0.0000000000	0.0000000000	0.0000000000	0.0000000000
0.7738917649	0.8865703344	2.1761398315	0.0000000000	0.0000000000	0.0000000000	0.0000000000
0.7739496268	0.8865703344	2.1761398315	0.0000000000	0.0000000000	0.0000000000	0.0000000000
0.7740074886	0.8704348803	2.1220321655	0.0000000000	0.0000000000	0.0000000000	0.0000000000
0.7740653619	0.8704348803	2.1220321655	0.0000000000	0.0000000000	0.0000000000	0.0000000000
0.7741232353	0.8704348803	2.1220321655	0.0000000000	0.0000000000	0.0000000000	0.0000000000
0.7741811087	0.8871574402	2.0645315647	0.0000000000	0.0000000000	0.0000000000	0.0000000000
0.7742389821	0.8871574402	2.0645315647	0.0000000000	0.0000000000	0.0000000000	0.0000000000
0.7742968555	0.8871574402	2.0645315647	0.0000000000	0.0000000000	0.0000000000	0.0000000000
0.7743547289	0.8890814781	2.0260746479	0.0000000000	0.0000000000	0.0000000000	0.0000000000
0.7744126022	0.8890814781	2.0260746479	0.0000000000	0.0000000000	0.0000000000	0.0000000000
0.7744704641	0.8890814781	2.0260746479	0.0000000000	0.0000000000	0.0000000000	0.0000000000
0.7745283374	0.8751405478	2.1624870300	0.0000000000	0.0000000000	0.0000000000	0.0000000000
0.7745862224	0.8751405478	2.1624870300	0.0000000000	0.0000000000	0.0000000000	0.0000000000
0.7746440958	0.8751405478	2.1624870300	0.0000000000	0.0000000000	0.0000000000	0.0000000000
0.7747019576	0.8667150736	2.0909371376	0.0000000000	0.0000000000	0.0000000000	0.0000000000
0.7747598310	0.8667150736	2.0909371376	0.0000000000	0.0000000000	0.0000000000	0.0000000000
0.7748177159	0.8667150736	2.0909371376	0.0000000000	0.0000000000	0.0000000000	0.0000000000
0.7748755777	0.8851253986	2.0659470558	0.0000000000	0.0000000000	0.0000000000	0.0000000000
0.7749334511	0.8851253986	2.0659470558	0.0000000000	0.0000000000	0.0000000000	0.0000000000
0.7749913129	0.8851253986	2.0659470558	0.0000000000	0.0000000000	0.0000000000	0.0000000000
0.7750491863	0.8870168924	2.0809116364	0.0000000000	0.0000000000	0.0000000000	0.0000000000
0.7751070597	0.8870168924	2.0809116364	0.0000000000	0.0000000000	0.0000000000	0.0000000000
0.7751649446	0.8870168924	2.0809116364	0.0000000000	0.0000000000	0.0000000000	0.0000000000
0.7752228064	0.8826663494	2.0728356838	0.0000000000	0.0000000000	0.0000000000	0.0000000000
0.7752806798	0.8826663494	2.0728356838	0.0000000000	0.0000000000	0.0000000000	0.0000000000
0.7753385532	0.8826663494	2.0728356838	0.0000000000	0.0000000000	0.0000000000	0.0000000000
0.7753964266	0.8806369305	2.0496125221	0.0000000000	0.0000000000	0.0000000000	0.0000000000
0.7754543000	0.8806369305	2.0496125221	0.0000000000	0.0000000000	0.0000000000	0.0000000000
0.7755121734	0.8806369305	2.0496125221	0.0000000000	0.0000000000	0.0000000000	0.0000000000
0.7755700467	0.8738608360	2.1008346081	0.0000000000	0.0000000000	0.0000000000	0.0000000000
0.7756279085	0.8738608360	2.1008346081	0.0000000000	0.0000000000	0.0000000000	0.0000000000
0.7756857935	0.8738608360	2.1008346081	0.0000000000	0.0000000000	0.0000000000	0.0000000000
0.7757436669	0.8860419989	2.0556974411	0.0000000000	0.0000000000	0.0000000000	0.0000000000
0.7758015286	0.8860419989	2.0556974411	0.0000000000	0.0000000000	0.0000000000	0.0000000000
0.7758594011	0.8860419989	2.0556974411	0.0000000000	0.0000000000	0.0000000000	0.0000000000
0.7759172620	0.8746156693	2.0512700081	0.0000000000	0.0000000000	0.0000000000	0.0000000000
0.7759751345	0.8746156693	2.0512700081	0.0000000000	0.0000000000	0.0000000000	0.0000000000
0.7760330070	0.8746156693	2.0512700081	0.0000000000	0.0000000000	0.0000000000	0.0000000000
0.7760908795	0.8423215151	2.0368518829	0.0000000000	0.0000000000	0.0000000000	0.0000000000
0.7761487520	0.8423215151	2.0368518829	0.0000000000	0.0000000000	0.0000000000	0.0000000000
0.7762066361	0.8423215151	2.0368518829	0.0000000000	0.0000000000	0.0000000000	0.0000000000
0.7762644970	0.8313014507	2.1187853813	0.0000000000	0.0000000000	0.0000000000	0.0000000000
0.7763223695	0.8313014507	2.1187853813	0.0000000000	0.0000000000	0.0000000000	0.0000000000
0.7763802420	0.8313014507	2.1187853813	0.0000000000	0.0000000000	0.0000000000	0.0000000000
0.7764381029	0.8849991560	2.0858762264	0.0000000000	0.0000000000	0.0000000000	0.0000000000
0.7764959754	0.8849991560	2.0858762264	0.0000000000	0.0000000000	0.0000000000	0.0000000000
0.7765538595	0.8849991560	2.0858762264	0.0000000000	0.0000000000	0.0000000000	0.0000000000
0.7766117204	0.8680031300	2.2650709152	0.0000000000	0.0000000000	0.0000000000	0.0000000000
0.7766695929	0.8680031300	2.2650709152	0.0000000000	0.0000000000	0.0000000000	0.0000000000
0.7767274770	0.8680031300	2.2650709152	0.0000000000	0.0000000000	0.0000000000	0.0000000000
0.7767853495	0.8701393604	2.0580940247	0.0000000000	0.0000000000	0.0000000000	0.0000000000
0.7768432105	0.8701393604	2.0580940247	0.0000000000	0.0000000000	0.0000000000	0.0000000000
0.7769010714	0.8701393604	2.0580940247	0.0000000000	0.0000000000	0.0000000000	0.0000000000
0.7769589439	0.8490701914	2.1475644112	0.0000000000	0.0000000000	0.0000000000	0.0000000000
0.7770168164	0.8490701914	2.1475644112	0.0000000000	0.0000000000	0.0000000000	0.0000000000
0.7770747005	0.8490701914	2.1475644112	0.0000000000	0.0000000000	0.0000000000	0.0000000000
0.7771325614	0.8711043596	2.0217742920	0.0000000000	0.0000000000	0.0000000000	0.0000000000
0.7771904339	0.8711043596	2.0217742920	0.0000000000	0.0000000000	0.0000000000	0.0000000000
0.7772483064	0.8711043596	2.0217742920	0.0000000000	0.0000000000	0.0000000000	0.0000000000
0.7773061789	0.8553113937	2.0446255207	0.0000000000	0.0000000000	0.0000000000	0.0000000000
0.7773640630	0.8553113937	2.0446255207	0.0000000000	0.0000000000	0.0000000000	0.0000000000
0.7774219239	0.8553113937	2.0446255207	0.0000000000	0.0000000000	0.0000000000	0.0000000000
0.7774797848	0.8553113937	2.0446255207	0.0000000000	0.0000000000	0.0000000000	0.0000000000
0.7775376573	0.8311800957	2.0446255207	0.0000000000	0.0000000000	0.0000000000	0.0000000000
0.7775955298	0.8451105356	2.0446255207	0.0000000000	0.0000000000	0.0000000000	0.0000000000
0.7776534023	0.8451105356	2.0446255207	0.0000000000	0.0000000000	0.0000000000	0.0000000000
0.7777177180	0.8451105356	2.0446255207	0.0000000000	0.0000000000	0.0000000000	0.0000000000
0.7777691473	0.8451105356	2.0446255207	0.0000000000	0.0000000000	0.0000000000	0.0000000000
0.7778270430	0.8451105356	2.0446255207	0.0000000000	0.0000000000	0.0000000000	0.0000000000
0.7778848923	0.8451105356	2.0446255207	0.0000000000	0.0000000000	0.0000000000	0.0000000000
0.7779427648	0.8451105356	2.0446255207	0.0000000000	0.0000000000	0.0000000000	0.0000000000
0.7780006258	0.8451105356	2.0446255207	0.0000000000	0.0000000000	0.0000000000	0.0000000000
0.7780643746	0.8451105356	2.0446255207	0.0000000000	0.0000000000	0.0000000000	0.0000000000
0.7781335949	0.8451105356	2.0446255207	0.0000000000	0.0000000000	0.0000000000	0.0000000000
0.7781742433	0.8451105356	2.0446255207	0.0000000000	0.0000000000	0.0000000000	0.0000000000
0.7782321273	0.8451105356	2.0446255207	0.0000000000	0.0000000000	0.0000000000	0.0000000000
0.7782899883	0.8451105356	2.0446255207	0.0000000000	0.0000000000	0.0000000000	0.0000000000
0.7783478723	0.8451105356	2.0446255207	0.0000000000	0.0000000000	0.0000000000	0.0000000000
0.7784102562	0.8451105356	2.0446255207	0.0000000000	0.0000000000	0.0000000000	0.0000000000
